범주,범주코드,대표전용면적_m2,적용면적범위,파일명,파일경로,검색어,검색제목,원본문서URL,원본이미지URL,최종이미지URL,출처도메인,가로,세로,가로세로비,원본파일크기,이미지해시,검색점수,검토상태
전용39,39,39,40㎡ 미만,floorplan_39_01.jpg,아파트_공통_이미지\평면도\전용39\floorplan_39_01.jpg,대한민국 아파트 전용 39㎡ 평면도,부산 대신 더샵 10년 공공임대주택 전용면적 39㎡형 평면도 - dyurwitcherry's it.ἄλφα,https://minorcastle.blogspot.com/2018/05/10-39.html,https://blogger.googleusercontent.com/img/b/R29vZ2xl/AVvXsEgZuxO4S3pWPlGQlhy98RFSKk9R__HpIZIGyW_D9ri3-djW5kyVMCcQNIK1ny-xOYgCZ6LzgA8uStKXm0v_MiLIqpLJKPqhlgmfYREwDXJVpRELHT3gXoIWOEpWbMPqSlCMpCuXJX2g8U0/s1600/STS39.PNG,https://blogger.googleusercontent.com/img/b/R29vZ2xl/AVvXsEgZuxO4S3pWPlGQlhy98RFSKk9R__HpIZIGyW_D9ri3-djW5kyVMCcQNIK1ny-xOYgCZ6LzgA8uStKXm0v_MiLIqpLJKPqhlgmfYREwDXJVpRELHT3gXoIWOEpWbMPqSlCMpCuXJX2g8U0/s1600/STS39.PNG,minorcastle.blogspot.com,1600,1311,1.22,797900,0000ff00f700f704f700f700f700f700f700f710f720f700e700f700e700ffff,30,검토필요
전용39,39,39,40㎡ 미만,floorplan_39_02.jpg,아파트_공통_이미지\평면도\전용39\floorplan_39_02.jpg,대한민국 아파트 전용 39㎡ 평면도,성남판교 A24-1블록 국민임대주택 백현마을 휴먼시아 4단지 아파트 전용면적 39㎡형·46㎡형·51㎡형 평면도 ...,https://minorcastle.blogspot.com/2023/05/a24-1-4-394651.html,https://blogger.googleusercontent.com/img/b/R29vZ2xl/AVvXsEj9tXuGwKFvRWQ10JeA7L4SPX2H-AOkCs6nerRbrPW7vFIgIZkH7pV0e7TeQcneBMTJzzZWcBMLyU3HyCBia1gJ-fNvrD8NQQKpbTlELB2fqxbzRe7evlj5dCs-0y-aQAw1JU7ZLwPN7wkpE5RY_h5qFd810UVBCsxI6ca1GNRk0yJQYlIjPv645QE5/s16000/SNPGA24-1BL39B.png,https://blogger.googleusercontent.com/img/b/R29vZ2xl/AVvXsEj9tXuGwKFvRWQ10JeA7L4SPX2H-AOkCs6nerRbrPW7vFIgIZkH7pV0e7TeQcneBMTJzzZWcBMLyU3HyCBia1gJ-fNvrD8NQQKpbTlELB2fqxbzRe7evlj5dCs-0y-aQAw1JU7ZLwPN7wkpE5RY_h5qFd810UVBCsxI6ca1GNRk0yJQYlIjPv645QE5/s16000/SNPGA24-1BL39B.png,minorcastle.blogspot.com,2439,2631,0.927,1072845,9fff8fff0fff0f97af03af1b2f032f032f03ff03ff4bff03ff03ff03ffffffff,30,검토필요
전용39,39,39,40㎡ 미만,floorplan_39_03.jpg,아파트_공통_이미지\평면도\전용39\floorplan_39_03.jpg,대한민국 아파트 전용 39㎡ 평면도,수원세류지구 LH 수원센트럴타운 2단지 전용면적 39㎡·51㎡·59㎡형 평면도 - dyurwitcherry's it.ἄλφα,https://minorcastle.blogspot.com/2016/04/lh-2-395159.html,https://1.bp.blogspot.com/-XmwhJlxB34M/VvyKp9L--8I/AAAAAAAAAZ8/1Q-qhNqZNYonki8I_-s8pvDxDJ62gde1w/s1600/2B_39A.png,https://1.bp.blogspot.com/-XmwhJlxB34M/VvyKp9L--8I/AAAAAAAAAZ8/1Q-qhNqZNYonki8I_-s8pvDxDJ62gde1w/s1600/2B_39A.png,minorcastle.blogspot.com,1600,1089,1.469,538698,00009fff9ff99ff99fff9fcf1187118313c111e119f111f31fff1f81ff00ffff,30,검토필요
전용39,39,39,40㎡ 미만,floorplan_39_04.jpg,아파트_공통_이미지\평면도\전용39\floorplan_39_04.jpg,대한민국 아파트 전용 39㎡ 평면도,래미안 안양 메가트리아 아파트 전용면적 39㎡형·49㎡형 평면도 - dyurwitcherry's it.ἄλφα,https://minorcastle.blogspot.com/2023/08/3949.html,https://blogger.googleusercontent.com/img/b/R29vZ2xl/AVvXsEi3EW1BaSLNUZTBh6WiLAj_1PuQdDrgYZbCqjPeXPaPAgKlSSUGGaJy61QX61KZkgOLJuzNJwr6zeHzC_-n896mCt2Bj2_MtDQHjdjABAK5T01mb2IjERx94VsSbFtvOP0FwXEj2rOmkbkemDddmEwxFoy5kRcyDss-lHKaNVmxjeaVWlEnhFYzVFaQsOI/s5801/RMAAYMGT05APT39A.png,https://blogger.googleusercontent.com/img/b/R29vZ2xl/AVvXsEi3EW1BaSLNUZTBh6WiLAj_1PuQdDrgYZbCqjPeXPaPAgKlSSUGGaJy61QX61KZkgOLJuzNJwr6zeHzC_-n896mCt2Bj2_MtDQHjdjABAK5T01mb2IjERx94VsSbFtvOP0FwXEj2rOmkbkemDddmEwxFoy5kRcyDss-lHKaNVmxjeaVWlEnhFYzVFaQsOI/s5801/RMAAYMGT05APT39A.png,minorcastle.blogspot.com,5801,3513,1.651,2722010,1bff1fff1fff1fcfff87ef87c7c3c7c3c7c1c7e1c7e1c7f3c7ffe7bfffff0000,30,검토필요
전용39,39,39,40㎡ 미만,floorplan_39_05.jpg,아파트_공통_이미지\평면도\전용39\floorplan_39_05.jpg,대한민국 아파트 전용 39㎡ 평면도,대전 LH이스트시티 2블록 전용면적 39㎡·46㎡·59㎡·74㎡형 평면도 - dyurwitcherry's it.ἄλφα,https://minorcastle.blogspot.com/2018/04/lh-2-39465974.html,https://1.bp.blogspot.com/-AT_6gBJvCcA/WsbpHbAI9LI/AAAAAAAABhk/JhFxbrZY6HAVtUMiV0W2_ZyMAu0mwdEVACLcBGAs/s1600/DD39A.PNG,https://1.bp.blogspot.com/-AT_6gBJvCcA/WsbpHbAI9LI/AAAAAAAABhk/JhFxbrZY6HAVtUMiV0W2_ZyMAu0mwdEVACLcBGAs/s1600/DD39A.PNG,minorcastle.blogspot.com,1000,942,1.062,312705,ffffffefffe3fce7f007e01fc03f807f80ff81ffe3e3fff3fff7ffe7ffe7ffff,30,검토필요
전용39,39,39,40㎡ 미만,floorplan_39_06.jpg,아파트_공통_이미지\평면도\전용39\floorplan_39_06.jpg,대한민국 아파트 전용 39㎡ 평면도,목포대성 LH천년나무 10년 공공임대 39㎡·51㎡ 및 분양주택 84㎡형 평면도 - dyurwitcherry's it.ἄλφα,https://minorcastle.blogspot.com/2018/03/lh-10-3951-84.html,https://1.bp.blogspot.com/-i9bxR-Q2ngU/WqxwJ2qpi-I/AAAAAAAAAzM/UEFKS0nTueoTaDdcnSFgFr4r4WVzgqmFQCLcBGAs/s1600/MPDS_39AB.png,https://1.bp.blogspot.com/-i9bxR-Q2ngU/WqxwJ2qpi-I/AAAAAAAAAzM/UEFKS0nTueoTaDdcnSFgFr4r4WVzgqmFQCLcBGAs/s1600/MPDS_39AB.png,minorcastle.blogspot.com,1600,929,1.722,667973,1f0107013f9fffffffbfbfbfe7f7c3e3c7e387e187f1a1d089d889d9f9dfffff,30,검토필요
전용39,39,39,40㎡ 미만,floorplan_39_07.jpg,아파트_공통_이미지\평면도\전용39\floorplan_39_07.jpg,대한민국 아파트 전용 39㎡ 평면도,통영북신 행복주택 통영 해모로 오션힐 아파트 39A형·39B형 평면도 - dyurwitcherry's it.ἄλφα,https://minorcastle.blogspot.com/2022/12/39a39b.html,https://blogger.googleusercontent.com/img/b/R29vZ2xl/AVvXsEjVLRK7F1Fjg2tMXsjKgAevIMG5IEoR84PN-P_mkeWwMu5XrKXFbOv-lkS83HYNx5ZpmWOqzMDbQaBedNiRmPTUJb1Nv8KXY7P1Gi5fpTzjKT89fhYrFua2USej5IBeaATtY7gWa3y3P8-w85PNQSDb19UM4glw37lAJA1iGOOyl_p2nlvChqisQPiT/s16000/TYBSHP39.png,https://blogger.googleusercontent.com/img/b/R29vZ2xl/AVvXsEjVLRK7F1Fjg2tMXsjKgAevIMG5IEoR84PN-P_mkeWwMu5XrKXFbOv-lkS83HYNx5ZpmWOqzMDbQaBedNiRmPTUJb1Nv8KXY7P1Gi5fpTzjKT89fhYrFua2USej5IBeaATtY7gWa3y3P8-w85PNQSDb19UM4glw37lAJA1iGOOyl_p2nlvChqisQPiT/s16000/TYBSHP39.png,minorcastle.blogspot.com,5041,2681,1.88,1763912,3fff3fffe1e161e021e0f1e0e1e0e1e0e1e0e1e061e021e0e1e0e1e1f7ffffff,27,검토필요
전용39,39,39,40㎡ 미만,floorplan_39_08.jpg,아파트_공통_이미지\평면도\전용39\floorplan_39_08.jpg,대한민국 아파트 전용 39㎡ 평면도,부산전포 LH아파트 국민임대주택 33형·39형·46A형·46B형 평면도 - dyurwitcherry's it.ἄλφα,https://minorcastle.blogspot.com/2022/12/lh-333946a46b.html,https://blogger.googleusercontent.com/img/b/R29vZ2xl/AVvXsEg7MobYmmB97I-LcVkuip4teUxOt40TwVAJ-oGyJyENMCBSFPI-xq6diNIUELkVP2WCbAXjvx03XiO0jWtdJ7fUtm-koJyif2O50ypyEB-aoHmymqKlNsiXJ6SYJ04gwxx3woz5sWTeHc2k0dHNC7zxTLQHtl0WBoK6OWwkKejM5LaI6R8Qt_HGsYxc/s16000/BSJPLHAPT39.png,https://blogger.googleusercontent.com/img/b/R29vZ2xl/AVvXsEg7MobYmmB97I-LcVkuip4teUxOt40TwVAJ-oGyJyENMCBSFPI-xq6diNIUELkVP2WCbAXjvx03XiO0jWtdJ7fUtm-koJyif2O50ypyEB-aoHmymqKlNsiXJ6SYJ04gwxx3woz5sWTeHc2k0dHNC7zxTLQHtl0WBoK6OWwkKejM5LaI6R8Qt_HGsYxc/s16000/BSJPLHAPT39.png,minorcastle.blogspot.com,2601,2873,0.905,1480317,0fff0fff0f1f3c0f0c077e010f01ff83ffcfffff7fc7ff87ff87ff87ff87ffff,27,검토필요
전용39,39,39,40㎡ 미만,floorplan_39_09.jpg,아파트_공통_이미지\평면도\전용39\floorplan_39_09.jpg,대한민국 아파트 전용 39㎡ 평면도,부산범천 국민임대주택 범천LH아파트 33A형·39A형·39B형·46A형·46B형·51A형 평면도 - dyurwitcherry's ...,https://minorcastle.blogspot.com/2022/12/lh-33a39a39b46a46b51a.html,https://blogger.googleusercontent.com/img/b/R29vZ2xl/AVvXsEhbiwe8glUc5OfNG4yzS1Fz58AMtCNJnTLniHMxEc4tQDaib5dZkxKG8MMSkaYhYsMkMvumSsr7ZmK3VfYVVM3dHl0JEb_c_DGYNMPbG-PenBwy-cYZq0IlmG3jrvu0B_sEXqLClw_1lt-9u3OH3MbP1XhVQ1UwjWHTFIUmvvhjmC3Axeg8yetgR8_0/s2409/BSBCLHAPT39B.png,https://blogger.googleusercontent.com/img/b/R29vZ2xl/AVvXsEhbiwe8glUc5OfNG4yzS1Fz58AMtCNJnTLniHMxEc4tQDaib5dZkxKG8MMSkaYhYsMkMvumSsr7ZmK3VfYVVM3dHl0JEb_c_DGYNMPbG-PenBwy-cYZq0IlmG3jrvu0B_sEXqLClw_1lt-9u3OH3MbP1XhVQ1UwjWHTFIUmvvhjmC3Axeg8yetgR8_0/s2409/BSBCLHAPT39B.png,minorcastle.blogspot.com,2409,1239,1.944,1155315,fffff3ffe1f8e1f8e1f0c1d0c310c3f083f083f033ff17ff07f88710cff8ffff,27,검토필요
전용39,39,39,40㎡ 미만,floorplan_39_10.jpg,아파트_공통_이미지\평면도\전용39\floorplan_39_10.jpg,대한민국 아파트 전용 39㎡ 평면도,부산전포 LH아파트 국민임대주택 33형·39형·46A형·46B형 평면도 - dyurwitcherry's it.ἄλφα,https://minorcastle.blogspot.com/2022/12/lh-333946a46b.html,https://blogger.googleusercontent.com/img/b/R29vZ2xl/AVvXsEj9MfFo2rtlhRLCInG54_aRc_4NqlHVjISo-4mir5CyvmTojlGdcbbMX8mzKOzWROch97yN4cr7mlbyvONkIky6ka3QKKuxEthQ7S_CeCVmJ_7XqucblATdDuT2k_YahdnVP7YHBCOJfvxqgk1vboCvgkxkql_ZdhZJum1n4Q6z43oZvhmmYSMs7l1I/s2881/BSJPLHAPT46A.png,https://blogger.googleusercontent.com/img/b/R29vZ2xl/AVvXsEj9MfFo2rtlhRLCInG54_aRc_4NqlHVjISo-4mir5CyvmTojlGdcbbMX8mzKOzWROch97yN4cr7mlbyvONkIky6ka3QKKuxEthQ7S_CeCVmJ_7XqucblATdDuT2k_YahdnVP7YHBCOJfvxqgk1vboCvgkxkql_ZdhZJum1n4Q6z43oZvhmmYSMs7l1I/s2881/BSJPLHAPT46A.png,minorcastle.blogspot.com,2601,2881,0.903,1261616,0fff0fff0f9f3f010e01fc030807fe0fff9fffffffafff07ff07ff07ff07ffff,27,검토필요
전용49,49,49,40㎡ 이상 54㎡ 미만,floorplan_49_01.jpg,아파트_공통_이미지\평면도\전용49\floorplan_49_01.jpg,대한민국 아파트 전용 49㎡ 평면도,단위세대 평면도 | ksapt,https://jmg5725.wixsite.com/ksapt/publications-,"https://static.wixstatic.com/media/f2d9fe_5bcd5938eb3b4119b2f33e14ee8f8960.jpg/v1/fill/w_777,h_457,al_c,q_80,usm_0.66_1.00_0.01/f2d9fe_5bcd5938eb3b4119b2f33e14ee8f8960.jpg","https://static.wixstatic.com/media/f2d9fe_5bcd5938eb3b4119b2f33e14ee8f8960.jpg/v1/fill/w_777,h_457,al_c,q_80,usm_0.66_1.00_0.01/f2d9fe_5bcd5938eb3b4119b2f33e14ee8f8960.jpg",jmg5725.wixsite.com,777,457,1.7,57345,8fffffffffff8efd9c1fbc05f007e007e007e007e087e08780071fffb9ffffff,32,검토필요
전용49,49,49,40㎡ 이상 54㎡ 미만,floorplan_49_02.jpg,아파트_공통_이미지\평면도\전용49\floorplan_49_02.jpg,대한민국 아파트 전용 49㎡ 평면도,인천가정지구 8블록 10년 공공임대주택 전용면적 49㎡·59㎡형 평면도 - dyurwitcherry's it.ἄλφα,https://minorcastle.blogspot.com/2018/04/8-10-4959.html,https://blogger.googleusercontent.com/img/b/R29vZ2xl/AVvXsEh2qAHi62Z_vE-mlIH5Y4gDWtxj0xkpmYrBHiDu4D3fr6HjxNAzaYHxoVykvlr15utJLOtuRD8q92uFOT1n8LQ0UCg9Yfi4fg93GuAgT1rClw-cY46lvFPkwWRM_rIqBAD_XZRMRZ8JgK4/s1600/ICGJ8BL_49A.png,https://blogger.googleusercontent.com/img/b/R29vZ2xl/AVvXsEh2qAHi62Z_vE-mlIH5Y4gDWtxj0xkpmYrBHiDu4D3fr6HjxNAzaYHxoVykvlr15utJLOtuRD8q92uFOT1n8LQ0UCg9Yfi4fg93GuAgT1rClw-cY46lvFPkwWRM_rIqBAD_XZRMRZ8JgK4/s1600/ICGJ8BL_49A.png,minorcastle.blogspot.com,1600,1013,1.579,793098,3fff7f8f1fa731f335e13fc123c1238121a3318331c3e1e7f3ffff00ff00ff00,30,검토필요
전용49,49,49,40㎡ 이상 54㎡ 미만,floorplan_49_03.jpg,아파트_공통_이미지\평면도\전용49\floorplan_49_03.jpg,대한민국 아파트 전용 49㎡ 평면도,래미안 안양 메가트리아 아파트 전용면적 39㎡형·49㎡형 평면도 - dyurwitcherry's it.ἄλφα,https://minorcastle.blogspot.com/2023/08/3949.html,https://blogger.googleusercontent.com/img/b/R29vZ2xl/AVvXsEjPC3eST4IT4BW0SW_konq1sAOfoTnEGozUMOxH46muRA_RGjIsXS2KS_qDnwy5DJWrwQ-p38-fpuEd2WqDRXJ2j-F9I7donihHeHykho9KiEjCB1F4bkzlFWczot9Yo4W0oOszP6VvaEyP4oZ9PtF6kW2S7N7J5N8atbVZ2xtfcDwlbDsTZSlXkHKpUkc/s5793/RMAAYMGT05APT49A.png,https://blogger.googleusercontent.com/img/b/R29vZ2xl/AVvXsEjPC3eST4IT4BW0SW_konq1sAOfoTnEGozUMOxH46muRA_RGjIsXS2KS_qDnwy5DJWrwQ-p38-fpuEd2WqDRXJ2j-F9I7donihHeHykho9KiEjCB1F4bkzlFWczot9Yo4W0oOszP6VvaEyP4oZ9PtF6kW2S7N7J5N8atbVZ2xtfcDwlbDsTZSlXkHKpUkc/s5793/RMAAYMGT05APT49A.png,minorcastle.blogspot.com,5793,3509,1.651,2564977,13ff1fff1fff1fffffc7ff83c783c7c1c7c1c7c1c7e3c7e7c7f7ffffffff0000,30,검토필요
전용49,49,49,40㎡ 이상 54㎡ 미만,floorplan_49_04.jpg,아파트_공통_이미지\평면도\전용49\floorplan_49_04.jpg,대한민국 아파트 전용 49㎡ 평면도,"세곡2지구 4단지 장기전세주택 평면도 59㎡형, 84㎡형 | 아파트 평면도, 심즈 집, 주택평면도",https://kr.pinterest.com/pin/521010250653742476/,https://i.pinimg.com/736x/84/cf/ce/84cfce539948e4b8493b965b8754a69a.jpg,https://i.pinimg.com/736x/84/cf/ce/84cfce539948e4b8493b965b8754a69a.jpg,kr.pinterest.com,700,450,1.556,52414,ffffffffc03fc03fc03fc43fc007c003c003c003c003c003c003c03fffffffff,28,검토필요
전용49,49,49,40㎡ 이상 54㎡ 미만,floorplan_49_05.jpg,아파트_공통_이미지\평면도\전용49\floorplan_49_05.jpg,대한민국 아파트 전용 49㎡ 평면도,전주반월2지구 국민임대주택 전용면적 26㎡·37㎡·46㎡형 평면도 - MINOR CASTLE™,http://minorcastle.blogspot.com/2018/04/2-263746.html,https://1.bp.blogspot.com/-xuGmlwdB9s8/WsVrkS7VS2I/AAAAAAAABbo/78NEmlSbcmoar_d_tLDqtoUWzP0_7ffVgCLcBGAs/s1600/JJBW_46.png,https://1.bp.blogspot.com/-xuGmlwdB9s8/WsVrkS7VS2I/AAAAAAAABbo/78NEmlSbcmoar_d_tLDqtoUWzP0_7ffVgCLcBGAs/s1600/JJBW_46.png,minorcastle.blogspot.com,1600,1067,1.5,512009,3fff3fff3fff3fe331e131c131c13183318331c731ff3fff3ff73ff73fff3fff,23,검토필요
전용49,49,49,40㎡ 이상 54㎡ 미만,floorplan_49_06.jpg,아파트_공통_이미지\평면도\전용49\floorplan_49_06.jpg,대한민국 아파트 전용 49㎡ 평면도,대구도남지구 A2블록 행복주택 대구도남 LH 2단지 아파트 전용면적 16㎡·26㎡·44㎡형 평면도 - dyurwitcherry ...,https://minorcastle.blogspot.com/2023/07/a2-lh-2-162644.html,https://blogger.googleusercontent.com/img/b/R29vZ2xl/AVvXsEimSA1FoY8WUaydzPBEPndrt_JwBDBk3NKjWlqVfzeJrq51dVSYiFgRafIHVOK1V3_B9JVSyiSI5F4ZFKOukRjAS2bG01ydr11N9bPXvLWcPNa4YPL294La5JQzbf0dfF1KRYkhOf6WuyFpqHKfA0yQwogVkPzYkUIml6nqRfU7-kXVEAkOgpvTiAK1bWg/s5508/DGDNA2BL44B.png,https://blogger.googleusercontent.com/img/b/R29vZ2xl/AVvXsEimSA1FoY8WUaydzPBEPndrt_JwBDBk3NKjWlqVfzeJrq51dVSYiFgRafIHVOK1V3_B9JVSyiSI5F4ZFKOukRjAS2bG01ydr11N9bPXvLWcPNa4YPL294La5JQzbf0dfF1KRYkhOf6WuyFpqHKfA0yQwogVkPzYkUIml6nqRfU7-kXVEAkOgpvTiAK1bWg/s5508/DGDNA2BL44B.png,minorcastle.blogspot.com,5508,3463,1.591,4001665,fffb3feb3fc3218721032383238121c123c123e33fef3fff3fff3fff3fffffff,23,검토필요
전용49,49,49,40㎡ 이상 54㎡ 미만,floorplan_49_07.jpg,아파트_공통_이미지\평면도\전용49\floorplan_49_07.jpg,대한민국 아파트 전용 49㎡ 평면도,마곡지구 8단지 장기전세주택 전용면적 59㎡형 평면도 - dyurwitcherry's it.ἄλφα,https://minorcastle.blogspot.com/2016/03/8-59.html,https://blogger.googleusercontent.com/img/b/R29vZ2xl/AVvXsEhVDRCFUIDiLqx-Ac61trF-gm2KbOL140pvWYLhX7ytD8GfvQWYela4Sy8HhnJncmT3sgbKgl27lWfPaat-cy7vodM6JU3Ch1CDw4mmmLPX6MLss6R7d8HOeFi2DL3XUykbDpygq1aUmwk/s1600/M8_59A.png,https://blogger.googleusercontent.com/img/b/R29vZ2xl/AVvXsEhVDRCFUIDiLqx-Ac61trF-gm2KbOL140pvWYLhX7ytD8GfvQWYela4Sy8HhnJncmT3sgbKgl27lWfPaat-cy7vodM6JU3Ch1CDw4mmmLPX6MLss6R7d8HOeFi2DL3XUykbDpygq1aUmwk/s1600/M8_59A.png,minorcastle.blogspot.com,730,830,0.88,292444,03ff03ff03ffdff7ffffff87fe07fe07fc07c007c007c007c007c007fb87ffff,21,검토필요
전용49,49,49,40㎡ 이상 54㎡ 미만,floorplan_49_08.jpg,아파트_공통_이미지\평면도\전용49\floorplan_49_08.jpg,대한민국 아파트 전용 49㎡ 평면도,"세곡2지구 4단지 장기전세주택 평면도 59㎡형, 84㎡형 | 평면도, 아파트 평면도, 집 평면도",https://kr.pinterest.com/pin/639511215806201984/,https://i.pinimg.com/originals/72/cb/bd/72cbbdb670e03608b24eba5996c2ca23.png,https://i.pinimg.com/originals/72/cb/bd/72cbbdb670e03608b24eba5996c2ca23.png,kr.pinterest.com,700,480,1.458,260229,fffffe3fe03fe01fe01fe01fe007e007e007e007e007e007e007e01ff03fffff,21,검토필요
전용49,49,49,40㎡ 이상 54㎡ 미만,floorplan_49_09.jpg,아파트_공통_이미지\평면도\전용49\floorplan_49_09.jpg,대한민국 아파트 전용 49㎡ 평면도,'이웃뷰 논란' 둔촌주공…전타입 평면도 보니 | Save Internet 뉴데일리,https://biz.newdaily.co.kr/site/data/html/2022/11/22/2022112200155.html,https://image.newdaily.co.kr/site/data/img/2022/11/22/2022112200155_3.jpg,https://image.newdaily.co.kr/site/data/img/2022/11/22/2022112200155_3.jpg,biz.newdaily.co.kr,640,443,1.445,55795,01fc01fffffffffdfffff0fff07df03cf01df01cf01ef01df03ffffffffe03f8,21,검토필요
전용49,49,49,40㎡ 이상 54㎡ 미만,floorplan_49_10.jpg,아파트_공통_이미지\평면도\전용49\floorplan_49_10.jpg,대한민국 아파트 전용 49㎡ 평면도,김포 포스코 아파트,https://poscoapt.creatorlink.net/평면도,https://storage.googleapis.com/cr-resource/image/1ac70a7d7086300c43fe8c7e686d5e9a/poscoapt/1920/f0594cf87208569a9b1fe1d94c9d47b5.jpg,https://storage.googleapis.com/cr-resource/image/1ac70a7d7086300c43fe8c7e686d5e9a/poscoapt/1920/f0594cf87208569a9b1fe1d94c9d47b5.jpg,poscoapt.creatorlink.net,1920,1124,1.708,690315,ffff1f1f081cfff387c381cb91c1818991898193818b838bff83ffffffffffff,20,검토필요
전용59,59,59,54㎡ 이상 66㎡ 미만,floorplan_59_01.jpg,아파트_공통_이미지\평면도\전용59\floorplan_59_01.jpg,대한민국 아파트 전용 59㎡ 평면도,위례 A3-3a블록 10년 공공임대주택 전용면적 51㎡형·59㎡형 평면도 - dyurwitcherry's it.ἄλφα,https://minorcastle.blogspot.com/2022/10/a3-3a-10-5159.html,https://blogger.googleusercontent.com/img/b/R29vZ2xl/AVvXsEgrENmb9G1MwXb2Kj1hGr9d95nAmmlNNIk43Z4GsDwpVKKdhski6DpTiaYXaZP7AfirrHXxy0-cSQc9IxLVue-XZ59Ctjm9m1ZwE4j-jPogvtsbayGTmP89ATjyOQuTNzwnr0K8wjkoDXCdr11p3Y0e7tQ_W4N7NxUwWlAna8mCSvG2X_JCN80oWq3f/s3099/WRA3-3aBL10Y59B.png,https://blogger.googleusercontent.com/img/b/R29vZ2xl/AVvXsEgrENmb9G1MwXb2Kj1hGr9d95nAmmlNNIk43Z4GsDwpVKKdhski6DpTiaYXaZP7AfirrHXxy0-cSQc9IxLVue-XZ59Ctjm9m1ZwE4j-jPogvtsbayGTmP89ATjyOQuTNzwnr0K8wjkoDXCdr11p3Y0e7tQ_W4N7NxUwWlAna8mCSvG2X_JCN80oWq3f/s3099/WRA3-3aBL10Y59B.png,minorcastle.blogspot.com,3099,1707,1.815,1114677,1fff1fff187f0c7f187f1c7f103f103f1a3f183f1abf1a3018301c701ff01ff3,30,검토필요
전용59,59,59,54㎡ 이상 66㎡ 미만,floorplan_59_02.jpg,아파트_공통_이미지\평면도\전용59\floorplan_59_02.jpg,대한민국 아파트 전용 59㎡ 평면도,나주빛가람 B8블록 10년 공공임대주택 LH 빛가람 3단지 아파트 전용면적 59㎡형·74㎡형·84㎡형 평면도 ...,https://minorcastle.blogspot.com/2023/07/b8-10-lh-3-597484.html,https://blogger.googleusercontent.com/img/b/R29vZ2xl/AVvXsEgw4WB2DEU0KkVyQYj7gArUjvDqgX-viG2I7upOPEKdYPMbr84aHRRVkpaFCzO37L1yM4v3FNspoiEf6AYUIi5yhVVccPlx4xyAm0WXf9W_cPrO33saOxRWSl1Do77hOFDR5rnk9U2kd0jTUwkKnx1LBO1ReNf2q8P1uNZeReRj2fvz2HOgo2iZEib91VM/s3029/NJVGRLH3APT59.png,https://blogger.googleusercontent.com/img/b/R29vZ2xl/AVvXsEgw4WB2DEU0KkVyQYj7gArUjvDqgX-viG2I7upOPEKdYPMbr84aHRRVkpaFCzO37L1yM4v3FNspoiEf6AYUIi5yhVVccPlx4xyAm0WXf9W_cPrO33saOxRWSl1Do77hOFDR5rnk9U2kd0jTUwkKnx1LBO1ReNf2q8P1uNZeReRj2fvz2HOgo2iZEib91VM/s3029/NJVGRLH3APT59.png,minorcastle.blogspot.com,2793,3029,0.922,1512407,1fff1fff1f0f5e0f5e0fde0fdfffdffffedffc03fc01f843f8c3fc07ff87ffff,30,검토필요
전용59,59,59,54㎡ 이상 66㎡ 미만,floorplan_59_03.jpg,아파트_공통_이미지\평면도\전용59\floorplan_59_03.jpg,대한민국 아파트 전용 59㎡ 평면도,LH강남힐스테이트 장기전세주택 전용면적 23㎡·46㎡·51㎡·59㎡형 평면도 - dyurwitcherry's it.ἄλφα,https://minorcastle.blogspot.com/2012/11/lh-23465159.html,https://blogger.googleusercontent.com/img/b/R29vZ2xl/AVvXsEj4un-NO-ug3qHcuy1GhpMyzjRFuLAjhQU4jGzB-9nC1ggYTXIVfx7zNZqXXLOnI1TahI32MLfecoUsWLD5PJz463KOAwv2zGzIccyxlhM6AUXDjs8pGZUq-zDNlVqBznsT9MWjzMcOTiY/s1600/GNA5BL_59A.png,https://blogger.googleusercontent.com/img/b/R29vZ2xl/AVvXsEj4un-NO-ug3qHcuy1GhpMyzjRFuLAjhQU4jGzB-9nC1ggYTXIVfx7zNZqXXLOnI1TahI32MLfecoUsWLD5PJz463KOAwv2zGzIccyxlhM6AUXDjs8pGZUq-zDNlVqBznsT9MWjzMcOTiY/s1600/GNA5BL_59A.png,minorcastle.blogspot.com,1263,869,1.453,478203,0af30fe11fe1fffbffffffffc7e383c383c3c1c3c5c3e1c3e3c3ffc3ffe7bfff,30,검토필요
전용59,59,59,54㎡ 이상 66㎡ 미만,floorplan_59_04.jpg,아파트_공통_이미지\평면도\전용59\floorplan_59_04.jpg,대한민국 아파트 전용 59㎡ 평면도,군포송정 숲속반디채 아파트 10년 공공임대주택 전용면적 51㎡·59㎡형 평면도 - dyurwitcherry's it.ἄλφα,https://minorcastle.blogspot.com/2023/07/10-5159.html,https://blogger.googleusercontent.com/img/b/R29vZ2xl/AVvXsEglmBSpb1dJt1_mt6bnMpySvIIXK1Ge1uSriNLtON2TUIlUTxFsrTmlnWtJ8PeP142-47L4-7Oo-x94BJFZGRdQgPQHa4dJx_Do7kvqzRlyO-izvCuNBsHIzoF5UZ1Z_dYb2_YMeKPGByo239suWMpa-1omcslZonS5bVxOasyiWyrzs2LPycH7TMxOf0A/s16000/GPSJA2BL59B.png,https://blogger.googleusercontent.com/img/b/R29vZ2xl/AVvXsEglmBSpb1dJt1_mt6bnMpySvIIXK1Ge1uSriNLtON2TUIlUTxFsrTmlnWtJ8PeP142-47L4-7Oo-x94BJFZGRdQgPQHa4dJx_Do7kvqzRlyO-izvCuNBsHIzoF5UZ1Z_dYb2_YMeKPGByo239suWMpa-1omcslZonS5bVxOasyiWyrzs2LPycH7TMxOf0A/s16000/GPSJA2BL59B.png,minorcastle.blogspot.com,5477,3293,1.663,1806107,01ff3fef07c71fc1ff81878083c083e083f183ff83ffd7ffffffffffff88fffe,30,검토필요
전용59,59,59,54㎡ 이상 66㎡ 미만,floorplan_59_05.jpg,아파트_공통_이미지\평면도\전용59\floorplan_59_05.jpg,대한민국 아파트 전용 59㎡ 평면도,인천서창2지구 2블록 10년 공공임대주택 서창2단지 더포레스트 아파트 전용면적 59㎡형 평면도 - dyurwitcherry's ...,https://minorcastle.blogspot.com/2023/07/2-2-10-2-59.html,https://blogger.googleusercontent.com/img/b/R29vZ2xl/AVvXsEgjRRnLaovQX3xVokgZVEot8velPk6fGvwZCtL-r_5oKpWyGHXI3_GY1_ARPAE_YDXHKow3Y3XPfqvBhsiAwdNjpikRtkxleb0O1TQI8fsf5Hw5RiWbTIDl1zUeFLIgvdu7n0VAnI5AaOPww2UwmcpU0-qfMAZLwHAZvHSXt2T_wXED46cyKrlmgSRKUi8/s4790/ICSC23BL59A.png,https://blogger.googleusercontent.com/img/b/R29vZ2xl/AVvXsEgjRRnLaovQX3xVokgZVEot8velPk6fGvwZCtL-r_5oKpWyGHXI3_GY1_ARPAE_YDXHKow3Y3XPfqvBhsiAwdNjpikRtkxleb0O1TQI8fsf5Hw5RiWbTIDl1zUeFLIgvdu7n0VAnI5AaOPww2UwmcpU0-qfMAZLwHAZvHSXt2T_wXED46cyKrlmgSRKUi8/s4790/ICSC23BL59A.png,minorcastle.blogspot.com,4790,2857,1.677,4561850,1fbb1fe31fc01f801f8811c111e101fb0dff01ff13ff1fff3fff7f801f803f80,30,검토필요
전용59,59,59,54㎡ 이상 66㎡ 미만,floorplan_59_06.jpg,아파트_공통_이미지\평면도\전용59\floorplan_59_06.jpg,대한민국 아파트 전용 59㎡ 평면도,의정부 고산지구 S4블록 10년 공공임대주택 전용면적 59㎡형 평면도 - dyurwitcherry's it.ἄλφα,https://minorcastle.blogspot.com/2018/02/s4-10-59.html,https://blogger.googleusercontent.com/img/b/R29vZ2xl/AVvXsEg_A0Ap6Z9ck8J82rt56wMUh108eDyArboh6cozf6HedZprViQZSU3zHZwUHqlm_9xkg_CUn_rLqL_e1yLEOpOj2oNozPKG4XerOnci5VwfiqBdk0SRbu3ohKtnAVejPA0iH6zqOcTb3zo/s1600/LH_S4_59Ab.png,https://blogger.googleusercontent.com/img/b/R29vZ2xl/AVvXsEg_A0Ap6Z9ck8J82rt56wMUh108eDyArboh6cozf6HedZprViQZSU3zHZwUHqlm_9xkg_CUn_rLqL_e1yLEOpOj2oNozPKG4XerOnci5VwfiqBdk0SRbu3ohKtnAVejPA0iH6zqOcTb3zo/s1600/LH_S4_59Ab.png,minorcastle.blogspot.com,1600,857,1.867,542929,01ff01f701c301c11f80ff80ff80e781c3e183f983ff83ff83ffd7ffffffffff,30,검토필요
전용59,59,59,54㎡ 이상 66㎡ 미만,floorplan_59_07.jpg,아파트_공통_이미지\평면도\전용59\floorplan_59_07.jpg,대한민국 아파트 전용 59㎡ 평면도,의정부 고산지구 S4블록 10년 공공임대주택 전용면적 59㎡형 평면도 - dyurwitcherry's it.ἄλφα,https://minorcastle.blogspot.com/2018/02/s4-10-59.html,https://4.bp.blogspot.com/-Pdn5Bk-La0Q/WovLqWgrAKI/AAAAAAAAAo8/5SvJDAl7PcARlJuSHNxJ9hNyvp3QEYnVgCLcBGAs/s1600/LH_S4_59C.png,https://4.bp.blogspot.com/-Pdn5Bk-La0Q/WovLqWgrAKI/AAAAAAAAAo8/5SvJDAl7PcARlJuSHNxJ9hNyvp3QEYnVgCLcBGAs/s1600/LH_S4_59C.png,minorcastle.blogspot.com,1600,855,1.871,596670,01ff01bf018101c01f80ff80ff80e3c0c3f183f983ff83ff83ff5fff7fffffff,30,검토필요
전용59,59,59,54㎡ 이상 66㎡ 미만,floorplan_59_08.jpg,아파트_공통_이미지\평면도\전용59\floorplan_59_08.jpg,대한민국 아파트 전용 59㎡ 평면도,의정부 고산지구 S5블록 10년공공임대 전용면적 59㎡·74㎡·84㎡형 평면도 - dyurwitcherry's it.ἄλφα,https://minorcastle.blogspot.com/2018/02/s5-10-597484.html,https://2.bp.blogspot.com/-aUNTXEsUfYM/Wov0MUjZP0I/AAAAAAAAApc/FpDk4xV3VMQAxSrpgQ28nNSpvBpbRc-YgCLcBGAs/s1600/LH_S5_59A.png,https://2.bp.blogspot.com/-aUNTXEsUfYM/Wov0MUjZP0I/AAAAAAAAApc/FpDk4xV3VMQAxSrpgQ28nNSpvBpbRc-YgCLcBGAs/s1600/LH_S5_59A.png,minorcastle.blogspot.com,1600,857,1.867,519549,01f701e701c101811f81ff80ff80c78187c783df83ff83ff83ffd3ffffffffff,30,검토필요
전용59,59,59,54㎡ 이상 66㎡ 미만,floorplan_59_09.jpg,아파트_공통_이미지\평면도\전용59\floorplan_59_09.jpg,대한민국 아파트 전용 59㎡ 평면도,나주빛가람 B8블록 10년 공공임대주택 LH 빛가람 3단지 아파트 전용면적 59㎡형·74㎡형·84㎡형 평면도 ...,https://minorcastle.blogspot.com/2023/07/b8-10-lh-3-597484.html,https://blogger.googleusercontent.com/img/b/R29vZ2xl/AVvXsEjhCMtJqiNrgNtFgPTUUoMGnVUtW_zrYiTN9TgMdwXebiZFDlA2OVPz_bdWsrL1pMcoMQ9zLKmwTHqPLrgWuuSbBlitctO0QfP7U3U-9GI9sxKd3nCsNLlrbzAyd2PtlaVXFS88XFHVh8hY-p8EjUXFu91YHMdaYeSlz6k80Q4f0fx99dmwP3QHmTZqMBg/s16000/NJVGRLH3APT59B.png,https://blogger.googleusercontent.com/img/b/R29vZ2xl/AVvXsEjhCMtJqiNrgNtFgPTUUoMGnVUtW_zrYiTN9TgMdwXebiZFDlA2OVPz_bdWsrL1pMcoMQ9zLKmwTHqPLrgWuuSbBlitctO0QfP7U3U-9GI9sxKd3nCsNLlrbzAyd2PtlaVXFS88XFHVh8hY-p8EjUXFu91YHMdaYeSlz6k80Q4f0fx99dmwP3QHmTZqMBg/s16000/NJVGRLH3APT59B.png,minorcastle.blogspot.com,2523,2937,0.859,1305655,8fff0f9f0f0faf07ef03ff87efffffffefbffc1bf801f800fc01fe23ff1fffff,30,검토필요
전용59,59,59,54㎡ 이상 66㎡ 미만,floorplan_59_10.jpg,아파트_공통_이미지\평면도\전용59\floorplan_59_10.jpg,대한민국 아파트 전용 59㎡ 평면도,고양지축 B1블록 공공분양주택 전용면적 59㎡·84㎡형 평면도 - dyurwitcherry's it.ἄλφα,https://minorcastle.blogspot.com/2022/08/b1-5984.html,https://blogger.googleusercontent.com/img/b/R29vZ2xl/AVvXsEgjlCOZwvUhqRpGRvpHXkIpvG2SKOiazi9kmEG93gh3QwJuPpInL2MBM-YKX4M8PaLPMvl58dTvzsHERNvuPFxvn7IYMA4hHWwBkwQWg62ffYE90K5CE2DI9_Vuum_NLRsW6hANaiTRI7xJch1YpO1f8fDEhyOqRXMKiskG0NBNbbeVSGAz1cDwwR1F/s5305/GYKCB1BL59A.png,https://blogger.googleusercontent.com/img/b/R29vZ2xl/AVvXsEgjlCOZwvUhqRpGRvpHXkIpvG2SKOiazi9kmEG93gh3QwJuPpInL2MBM-YKX4M8PaLPMvl58dTvzsHERNvuPFxvn7IYMA4hHWwBkwQWg62ffYE90K5CE2DI9_Vuum_NLRsW6hANaiTRI7xJch1YpO1f8fDEhyOqRXMKiskG0NBNbbeVSGAz1cDwwR1F/s5305/GYKCB1BL59A.png,minorcastle.blogspot.com,5305,3289,1.613,3505812,7fffffff7ff3ffe373c1c1c0c181c1834187c1cffffef9fef9fff9fff9ffffff,30,검토필요
전용74,74,74,66㎡ 이상 79㎡ 미만,floorplan_74_01.jpg,아파트_공통_이미지\평면도\전용74\floorplan_74_01.jpg,대한민국 아파트 전용 74㎡ 평면도,74 타입 (평면도) - 시흥유통상가 시장정비 (주),https://shlb.co.kr/products/제품2/,https://shlb.co.kr/wp-content/uploads/2024/09/74TYPE-3.png,https://shlb.co.kr/wp-content/uploads/2024/09/74TYPE-3.png,shlb.co.kr,1410,739,1.908,70548,1f1fc7ffc3ffe700c748d708c708c31ad300d300d300c38fc38fc3ffd3ffffff,33,검토필요
전용74,74,74,66㎡ 이상 79㎡ 미만,floorplan_74_02.jpg,아파트_공통_이미지\평면도\전용74\floorplan_74_02.jpg,대한민국 아파트 전용 74㎡ 평면도,74 타입 (평면도) - 시흥유통상가 시장정비 (주),https://shlb.co.kr/products/제품2/,https://shlb.co.kr/wp-content/uploads/2024/09/74TYPE-1.png,https://shlb.co.kr/wp-content/uploads/2024/09/74TYPE-1.png,shlb.co.kr,816,631,1.293,40026,ffff900198c4994499c498c187c48dfc888cc80c808cc88cd8edddffc1ffffff,31,검토필요
전용74,74,74,66㎡ 이상 79㎡ 미만,floorplan_74_03.jpg,아파트_공통_이미지\평면도\전용74\floorplan_74_03.jpg,대한민국 아파트 전용 74㎡ 평면도,의정부 민락2지구 B9블록 전용면적 74㎡·84㎡형 평면도 - dyurwitcherry's it.ἄλφα,https://minorcastle.blogspot.com/2016/05/2-b9-7484.html,https://4.bp.blogspot.com/-dKU5D2_DQKM/VyhxzCTPOcI/AAAAAAAAAfI/x4gO7gvYLAcvU2aNBc8cv526fo9OfRHbACLcB/s1600/2_B-9BL_74B.png,https://4.bp.blogspot.com/-dKU5D2_DQKM/VyhxzCTPOcI/AAAAAAAAAfI/x4gO7gvYLAcvU2aNBc8cv526fo9OfRHbACLcB/s1600/2_B-9BL_74B.png,minorcastle.blogspot.com,1600,1089,1.469,710567,1ffdbfff1fff1fe91fc11f80038101c301df01ff13ff1fff1f8117b11fffffff,30,검토필요
전용74,74,74,66㎡ 이상 79㎡ 미만,floorplan_74_04.jpg,아파트_공통_이미지\평면도\전용74\floorplan_74_04.jpg,대한민국 아파트 전용 74㎡ 평면도,시흥배곧신도시 B5블록 10년 공공임대주택 전용면적 74㎡·84㎡형 평면도 - dyurwitcherry's it.ἄλφα,https://minorcastle.blogspot.com/2018/05/b5-10-7484.html,https://2.bp.blogspot.com/-3lLvVmKzowI/Wumsrr-5j5I/AAAAAAAACCc/XoWxmuNC2L0cCRupVncYAcpb5hJyhCxCQCLcBGAs/s1600/SBB5BL_74B.png,https://2.bp.blogspot.com/-3lLvVmKzowI/Wumsrr-5j5I/AAAAAAAACCc/XoWxmuNC2L0cCRupVncYAcpb5hJyhCxCQCLcBGAs/s1600/SBB5BL_74B.png,minorcastle.blogspot.com,1563,1051,1.487,706252,1fff1fc3138103000189018301c707cf1fff17df07df1fffbfffffffffffffff,30,검토필요
전용74,74,74,66㎡ 이상 79㎡ 미만,floorplan_74_05.jpg,아파트_공통_이미지\평면도\전용74\floorplan_74_05.jpg,대한민국 아파트 전용 74㎡ 평면도,김해진영센텀큐브아파트 10년 공공임대주택 전용면적 74㎡·84㎡형 평면도 - dyurwitcherry's it.ἄλφα,https://minorcastle.blogspot.com/2018/03/10-7484.html,https://4.bp.blogspot.com/-l1mlHNrITDY/WrsHuirU31I/AAAAAAAABEA/wrRy4zdcHJ0PqDDPlJu3ADUquqc1Th3uACLcBGAs/s1600/KHJY2B5BL_84A1.png,https://4.bp.blogspot.com/-l1mlHNrITDY/WrsHuirU31I/AAAAAAAABEA/wrRy4zdcHJ0PqDDPlJu3ADUquqc1Th3uACLcBGAs/s1600/KHJY2B5BL_84A1.png,minorcastle.blogspot.com,1600,1100,1.455,735079,ffff0fff09ff0fff0fff0fdfff83f381c100818081e181f3dffbff8dffffffff,30,검토필요
전용74,74,74,66㎡ 이상 79㎡ 미만,floorplan_74_06.jpg,아파트_공통_이미지\평면도\전용74\floorplan_74_06.jpg,대한민국 아파트 전용 74㎡ 평면도,김해진영센텀큐브아파트 10년 공공임대주택 전용면적 74㎡·84㎡형 평면도 - dyurwitcherry's it.ἄλφα,https://minorcastle.blogspot.com/2018/03/10-7484.html,https://2.bp.blogspot.com/-OMN8ggGc3hI/WrsICnBWyYI/AAAAAAAABEQ/NjdQib9DqfkYA6pIcvNgG7ISX6TIm9fngCLcBGAs/s1600/KHJY2B5BL_84B2.png,https://2.bp.blogspot.com/-OMN8ggGc3hI/WrsICnBWyYI/AAAAAAAABEQ/NjdQib9DqfkYA6pIcvNgG7ISX6TIm9fngCLcBGAs/s1600/KHJY2B5BL_84B2.png,minorcastle.blogspot.com,1600,1100,1.455,759397,ffff0fff09ff0fff0fff0fdfffc3e781c100818081c181e1c3fbff8fffffffff,30,검토필요
전용74,74,74,66㎡ 이상 79㎡ 미만,floorplan_74_07.jpg,아파트_공통_이미지\평면도\전용74\floorplan_74_07.jpg,대한민국 아파트 전용 74㎡ 평면도,화성동탄2신도시 A84블록 공공분양주택 전용면적 74㎡·84㎡형 평면도 - dyurwitcherry's it.ἄλφα,https://minorcastle.blogspot.com/2018/04/2-a84-7484.html,https://2.bp.blogspot.com/-47Y84Q_oZRE/Wt6bpzIPA1I/AAAAAAAABwk/PXrGarRv-wAo8mS1Kv-FRWwAt70ANj8uwCLcBGAs/s1600/HSDT2A84BL_74A.png,https://2.bp.blogspot.com/-47Y84Q_oZRE/Wt6bpzIPA1I/AAAAAAAABwk/PXrGarRv-wAo8mS1Kv-FRWwAt70ANj8uwCLcBGAs/s1600/HSDT2A84BL_74A.png,minorcastle.blogspot.com,1600,1022,1.566,762710,29ff3fff2fdf1f83ff81ff00e780c3c083f183f983bf83ffffffffffbf88ffff,30,검토필요
전용74,74,74,66㎡ 이상 79㎡ 미만,floorplan_74_08.jpg,아파트_공통_이미지\평면도\전용74\floorplan_74_08.jpg,대한민국 아파트 전용 74㎡ 평면도,옥길센트리뷰 아파트 전용면적 59㎡형·74㎡형·81㎡형·84㎡형 평면도 - dyurwitcherry's it.ἄλφα,https://minorcastle.blogspot.com/2022/10/59748184.html,https://blogger.googleusercontent.com/img/b/R29vZ2xl/AVvXsEiB30MYcnQ9U-v7x8v8uV59cHoz4PY1eppI4Mi9w9C_3l0NDqaGFT1PFvNgr-bcGeMeXoZxL3XyHuz_oFM2EesmcM1yKrI_oy2-bhE-wO4VRuneZddQ4nIpTpl7kBc2C42dn640qF259Mprb1bvli2zryu8lgY6LRELpupLRsfF2jgmK00W3eCk-Riu/s3337/BCOGS1BL59A.png,https://blogger.googleusercontent.com/img/b/R29vZ2xl/AVvXsEiB30MYcnQ9U-v7x8v8uV59cHoz4PY1eppI4Mi9w9C_3l0NDqaGFT1PFvNgr-bcGeMeXoZxL3XyHuz_oFM2EesmcM1yKrI_oy2-bhE-wO4VRuneZddQ4nIpTpl7kBc2C42dn640qF259Mprb1bvli2zryu8lgY6LRELpupLRsfF2jgmK00W3eCk-Riu/s3337/BCOGS1BL59A.png,minorcastle.blogspot.com,3337,2263,1.475,2251359,ffff0fefffefffffffebffc1f381e180e1c0e1c0e1e1e1f3ffffffffffffffbf,30,검토필요
전용74,74,74,66㎡ 이상 79㎡ 미만,floorplan_74_09.jpg,아파트_공통_이미지\평면도\전용74\floorplan_74_09.jpg,대한민국 아파트 전용 74㎡ 평면도,수원광교마을 40단지 전용면적 74㎡·84㎡·101㎡·120㎡·135㎡형 평면도 - dyurwitcherry's it.ἄλφα,https://minorcastle.blogspot.com/2016/04/40-7484101120135.html,https://2.bp.blogspot.com/-9B3szXefSnE/VwXD3BFOGFI/AAAAAAAAAcE/57_eTZLQVrATzDhBiqKiJvizD8YQZg-qA/s1600/074.7800B.png,https://2.bp.blogspot.com/-9B3szXefSnE/VwXD3BFOGFI/AAAAAAAAAcE/57_eTZLQVrATzDhBiqKiJvizD8YQZg-qA/s1600/074.7800B.png,minorcastle.blogspot.com,730,730,1.0,221917,81fe80c080c080f8d9feffffcfffc99ff81ff807f807f807f807f807f87fffff,28,검토필요
전용74,74,74,66㎡ 이상 79㎡ 미만,floorplan_74_10.jpg,아파트_공통_이미지\평면도\전용74\floorplan_74_10.jpg,대한민국 아파트 전용 74㎡ 평면도,15단지 평면도 74,https://aptkorea.wixsite.com/rentapt/15-1,"https://static.wixstatic.com/media/95dd51_1aa9a862a57c461881c30c8b15544eb5~mv2_d_1700_1932_s_2.png/v1/fill/w_1307,h_1485,al_c,q_90,usm_0.66_1.00_0.01,enc_auto/95dd51_1aa9a862a57c461881c30c8b15544eb5~mv2_d_1700_1932_s_2.png","https://static.wixstatic.com/media/95dd51_1aa9a862a57c461881c30c8b15544eb5~mv2_d_1700_1932_s_2.png/v1/fill/w_1307,h_1485,al_c,q_90,usm_0.66_1.00_0.01,enc_auto/95dd51_1aa9a862a57c461881c30c8b15544eb5~mv2_d_1700_1932_s_2.png",aptkorea.wixsite.com,1307,1485,0.88,107911,00000000ffffe3ffe03fe01ff00ff81ff01ffc1fffffffff8efdffffffffffff,27,검토필요
전용84,84,84,79㎡ 이상 93㎡ 미만,floorplan_84_01.jpg,아파트_공통_이미지\평면도\전용84\floorplan_84_01.jpg,대한민국 아파트 전용 84㎡ 평면도,"84㎡ A,B 확장형 단위세대 평면도",https://coopynapt.kr/forum/view/135369,https://storage.googleapis.com/cr-resource/forum/7a59bd7a8260a703e21c66d87d370449/522aaba3e1178ba928ec74ec85c9cf20.jpg,https://storage.googleapis.com/cr-resource/forum/7a59bd7a8260a703e21c66d87d370449/522aaba3e1178ba928ec74ec85c9cf20.jpg,coopynapt.kr,1306,1029,1.269,437426,ffffffffe447e07fe057e053e003e003e003e003e003e003e003ed57ffffffff,44,검토필요
전용84,84,84,79㎡ 이상 93㎡ 미만,floorplan_84_02.jpg,아파트_공통_이미지\평면도\전용84\floorplan_84_02.jpg,대한민국 아파트 전용 84㎡ 평면도,목포대성 LH 천년나무 아파트 공공분양주택 전용면적 84㎡형 평면도 - dyurwitcherry's it.ἄλφα,https://minorcastle.blogspot.com/2023/06/lh-84.html,https://blogger.googleusercontent.com/img/b/R29vZ2xl/AVvXsEhMgGslOueQAuqB_mWEq3OnBYZw1zYpO9kUQ1ONVr1ijL283Qm4RAQxAnGox_yFAHYbXD_DDHEUgmT2KSOcmPWxuh0_qwkcL7rN3Tmfl-Ss3f8RuHZxtS9Ms5WKlc-LvprbqzBXrfUV3kK2LRJV5h-JVXHXXVSmvRNJxKs_iPYY3i_NoCIlWSbfAufh/s16000/MPDS84D.png,https://blogger.googleusercontent.com/img/b/R29vZ2xl/AVvXsEhMgGslOueQAuqB_mWEq3OnBYZw1zYpO9kUQ1ONVr1ijL283Qm4RAQxAnGox_yFAHYbXD_DDHEUgmT2KSOcmPWxuh0_qwkcL7rN3Tmfl-Ss3f8RuHZxtS9Ms5WKlc-LvprbqzBXrfUV3kK2LRJV5h-JVXHXXVSmvRNJxKs_iPYY3i_NoCIlWSbfAufh/s16000/MPDS84D.png,minorcastle.blogspot.com,1567,2033,0.771,1499747,01b707ff8fffffffffffff03ffa1ffbffffff981f0008201c10fc09fe0fff3ff,30,검토필요
전용84,84,84,79㎡ 이상 93㎡ 미만,floorplan_84_03.jpg,아파트_공통_이미지\평면도\전용84\floorplan_84_03.jpg,대한민국 아파트 전용 84㎡ 평면도,울산송정지구 B3블록 10년 공공임대주택 전용면적 84㎡형 평면도 - dyurwitcherry's it.ἄλφα,https://minorcastle.blogspot.com/2018/03/b3-10-84.html,https://3.bp.blogspot.com/-s7y1C2Q_V5s/Wrr2CSCEwsI/AAAAAAAABDU/gKGG6AJf8-MFemkpzerNeyOYg5_92BKkACLcBGAs/s1600/USSJB3BL_84A12.png,https://3.bp.blogspot.com/-s7y1C2Q_V5s/Wrr2CSCEwsI/AAAAAAAABDU/gKGG6AJf8-MFemkpzerNeyOYg5_92BKkACLcBGAs/s1600/USSJB3BL_84A12.png,minorcastle.blogspot.com,1600,922,1.735,707722,3fa43f803ffc63c6c183c183c183c7e3cff3fffff7ffe3c7e387e187e1c7ffff,30,검토필요
전용84,84,84,79㎡ 이상 93㎡ 미만,floorplan_84_04.jpg,아파트_공통_이미지\평면도\전용84\floorplan_84_04.jpg,대한민국 아파트 전용 84㎡ 평면도,의정부 민락2지구 B9블록 전용면적 74㎡·84㎡형 평면도 - dyurwitcherry's it.ἄλφα,https://minorcastle.blogspot.com/2016/05/2-b9-7484.html,https://3.bp.blogspot.com/-nW4n3vNFNNU/VyhyR6hrOLI/AAAAAAAAAfU/ai3wf5phRN0vaOtMpL_OhUL9C2mewhnCwCLcB/s1600/2_B-9BL_84A.png,https://3.bp.blogspot.com/-nW4n3vNFNNU/VyhyR6hrOLI/AAAAAAAAAfU/ai3wf5phRN0vaOtMpL_OhUL9C2mewhnCwCLcB/s1600/2_B-9BL_84A.png,minorcastle.blogspot.com,1600,1089,1.469,761042,1ffdffff1fffbfc71f831f80118001c101f101fb05ff1fff1f8117b11fffffff,30,검토필요
전용84,84,84,79㎡ 이상 93㎡ 미만,floorplan_84_05.jpg,아파트_공통_이미지\평면도\전용84\floorplan_84_05.jpg,대한민국 아파트 전용 84㎡ 평면도,화성동탄2신도시 A84블록 공공분양주택 전용면적 74㎡·84㎡형 평면도 - dyurwitcherry's it.ἄλφα,https://minorcastle.blogspot.com/2018/04/2-a84-7484.html,https://4.bp.blogspot.com/-55OTaOyyrQc/Wt6cA36PK_I/AAAAAAAABws/QykdvbGm_aQuWaTwjIQkquN3A7vwabr3QCLcBGAs/s1600/HSDT2A84BL_84A.png,https://4.bp.blogspot.com/-55OTaOyyrQc/Wt6cA36PK_I/AAAAAAAABws/QykdvbGm_aQuWaTwjIQkquN3A7vwabr3QCLcBGAs/s1600/HSDT2A84BL_84A.png,minorcastle.blogspot.com,1600,1021,1.567,836104,09ff1fff0f831f81ff00ff80c3c081f181f983ff81f883f0ffffffffbf88ffff,30,검토필요
전용84,84,84,79㎡ 이상 93㎡ 미만,floorplan_84_06.jpg,아파트_공통_이미지\평면도\전용84\floorplan_84_06.jpg,대한민국 아파트 전용 84㎡ 평면도,목포대성 LH 천년나무 아파트 공공분양주택 전용면적 84㎡형 평면도 - dyurwitcherry's it.ἄλφα,https://minorcastle.blogspot.com/2023/06/lh-84.html,https://blogger.googleusercontent.com/img/b/R29vZ2xl/AVvXsEhmIG0k39Kwefg-83KTrU_wGwuPnyGeYl4dnmCeRMflA57mJwqS27CqRt00RSpoN_QRlCyGmi7odrbEJwt_jAf2PxnV8ho5ZWlvgixLady2iVwxylnfcou93bnwfgBILkDg8-84DQfMwIsSsPEkiR0E1wrt1GugS0lGisAzEsx-EAgPPOJHNGBzIWJZ/s16000/MPDS84C.png,https://blogger.googleusercontent.com/img/b/R29vZ2xl/AVvXsEhmIG0k39Kwefg-83KTrU_wGwuPnyGeYl4dnmCeRMflA57mJwqS27CqRt00RSpoN_QRlCyGmi7odrbEJwt_jAf2PxnV8ho5ZWlvgixLady2iVwxylnfcou93bnwfgBILkDg8-84DQfMwIsSsPEkiR0E1wrt1GugS0lGisAzEsx-EAgPPOJHNGBzIWJZ/s16000/MPDS84C.png,minorcastle.blogspot.com,1623,2049,0.792,1443658,05f707ff8fffffffffc3ffc3ffc9fffbf8fff807f007e047c0c3f007fe07ffcf,30,검토필요
전용84,84,84,79㎡ 이상 93㎡ 미만,floorplan_84_07.jpg,아파트_공통_이미지\평면도\전용84\floorplan_84_07.jpg,대한민국 아파트 전용 84㎡ 평면도,안성아양 B4블록 10년 공공임대주택 안성 서희스타힐스 4단지 아파트 전용면적 74㎡·84㎡형 평면도 ...,https://minorcastle.blogspot.com/2023/08/b4-10-4-7484.html,https://blogger.googleusercontent.com/img/b/R29vZ2xl/AVvXsEjNf2q2adYyzLsLvV7P-xRP7aEeHWK9_kl8jBruBLcPZ87h1peqiVaLszPPG4Ir-du40gXASBqmsQgYoYoirUy34IsyRoxq8fz3psCse06yZLEz2BkqtiAXoN2IcOmrvOlbdMrzzvNyUi5hrm15LyPskXPXFZK1IYRUTNdnvR2TircyeO1FCXAzrqD80O0/s5329/ASAYB4BL84B.png,https://blogger.googleusercontent.com/img/b/R29vZ2xl/AVvXsEjNf2q2adYyzLsLvV7P-xRP7aEeHWK9_kl8jBruBLcPZ87h1peqiVaLszPPG4Ir-du40gXASBqmsQgYoYoirUy34IsyRoxq8fz3psCse06yZLEz2BkqtiAXoN2IcOmrvOlbdMrzzvNyUi5hrm15LyPskXPXFZK1IYRUTNdnvR2TircyeO1FCXAzrqD80O0/s5329/ASAYB4BL84B.png,minorcastle.blogspot.com,5329,2769,1.925,1793630,ffff00ff00ff00ff00ff00ffffcfffc793e3818183c083e481f183f9ffffffff,30,검토필요
전용84,84,84,79㎡ 이상 93㎡ 미만,floorplan_84_08.jpg,아파트_공통_이미지\평면도\전용84\floorplan_84_08.jpg,대한민국 아파트 전용 84㎡ 평면도,블라인드 | 부동산: 84타입 평면도 봐주세요,https://www.teamblind.com/kr/post/84타입-평면도-봐주세요-d4fpusgb,https://d2u3dcdbebyaiu.cloudfront.net/uploads/atch_img/686/a34f353a6de6df7135006e1a19b7d5f3_res.jpeg,https://d2u3dcdbebyaiu.cloudfront.net/uploads/atch_img/686/a34f353a6de6df7135006e1a19b7d5f3_res.jpeg,teamblind.com,1003,1082,0.927,63418,ff7ff87ff81ff81ff81ffffffffffbfff9ff01ff01ff001f001f001300030003,30,검토필요
전용84,84,84,79㎡ 이상 93㎡ 미만,floorplan_84_09.jpg,아파트_공통_이미지\평면도\전용84\floorplan_84_09.jpg,대한민국 아파트 전용 84㎡ 평면도,"세곡2지구 4단지 장기전세주택 평면도 59㎡형, 84㎡형 | 아파트 평면도, 주택평면도, 집 평면도",https://kr.pinterest.com/pin/767160117762540767/,https://i.pinimg.com/736x/13/f9/6e/13f96ebfa13fc3748e85ccfb5d93d236.jpg,https://i.pinimg.com/736x/13/f9/6e/13f96ebfa13fc3748e85ccfb5d93d236.jpg,kr.pinterest.com,700,450,1.556,53116,ffffffffe003e013e013e013c003c103c603e013e213c293c003fe03ff3fffff,28,검토필요
전용84,84,84,79㎡ 이상 93㎡ 미만,floorplan_84_10.jpg,아파트_공통_이미지\평면도\전용84\floorplan_84_10.jpg,대한민국 아파트 전용 84㎡ 평면도,블라인드 | 부동산: 형들 주복 84평면도 비교해주세여,https://www.teamblind.com/kr/post/형들-주복-84평면도-비교해주세여-AaZJUxnJ,https://d2u3dcdbebyaiu.cloudfront.net/uploads/atch_img/891/ce236d82b6eeafa8dd2a19b14641c203_res.jpeg,https://d2u3dcdbebyaiu.cloudfront.net/uploads/atch_img/891/ce236d82b6eeafa8dd2a19b14641c203_res.jpeg,teamblind.com,1280,695,1.842,111782,ffffbfff8ffffffffc07fc07fc07fc01fc01fc01fc01fc01fc01fc01fc41ffff,25,검토필요
전용101,101,101,93㎡ 이상 109㎡ 미만,floorplan_101_01.jpg,아파트_공통_이미지\평면도\전용101\floorplan_101_01.jpg,대한민국 아파트 전용 101㎡ 평면도,천안신방 행복주택 LH 1단지 아파트 전용면적 16㎡형·26㎡형·36㎡형 평면도 - 白夜行: 하얀 어둠 속을 걷다.,https://www.whitenight.co.kr/2023/08/lh-1-162636.html,https://blogger.googleusercontent.com/img/b/R29vZ2xl/AVvXsEjc9AhYIt-Nxwm9mJzNafStUM9LF1kMbbphNxGzbJyNw0gf6tBoWT1m567Ni81ubrpkg3Lx101Qk1xqeY-uqIuwUH7CjsE5d_ppOLOxofxnw5L3AmxauJ849fC67HsN0IzFXnlXWG-ehmyryZQGw9MJFGI4uC4bRAMxxvPDO5EijDQVUWnuiLhxrAzp5ug/s16000/CASBHP16A.png,https://blogger.googleusercontent.com/img/b/R29vZ2xl/AVvXsEjc9AhYIt-Nxwm9mJzNafStUM9LF1kMbbphNxGzbJyNw0gf6tBoWT1m567Ni81ubrpkg3Lx101Qk1xqeY-uqIuwUH7CjsE5d_ppOLOxofxnw5L3AmxauJ849fC67HsN0IzFXnlXWG-ehmyryZQGw9MJFGI4uC4bRAMxxvPDO5EijDQVUWnuiLhxrAzp5ug/s16000/CASBHP16A.png,whitenight.co.kr,5827,3601,1.618,1318573,1fff1fef1fcf218733872187e18321c3e3c323e1e3e1e3f1e3f1e3ffffffffff,30,검토필요
전용101,101,101,93㎡ 이상 109㎡ 미만,floorplan_101_02.jpg,아파트_공통_이미지\평면도\전용101\floorplan_101_02.jpg,대한민국 아파트 전용 101㎡ 평면도,수원광교마을 40단지 전용면적 74㎡·84㎡·101㎡·120㎡·135㎡형 평면도 - dyurwitcherry's it.ἄλφα,https://minorcastle.blogspot.com/2016/04/40-7484101120135.html,https://3.bp.blogspot.com/-R5Fi18ye3DY/VwXJFl2p6XI/AAAAAAAAAc8/2kpHtaPLg60q-ls1r9lHGUh9kyzGjLwpQ/s1600/120.7200A.png,https://3.bp.blogspot.com/-R5Fi18ye3DY/VwXJFl2p6XI/AAAAAAAAAc8/2kpHtaPLg60q-ls1r9lHGUh9kyzGjLwpQ/s1600/120.7200A.png,minorcastle.blogspot.com,730,702,1.04,240219,c9ffddfbcfe9cffffffffffffff3e033e01fe007e007e007e007e007e007ffff,28,검토필요
전용101,101,101,93㎡ 이상 109㎡ 미만,floorplan_101_03.jpg,아파트_공통_이미지\평면도\전용101\floorplan_101_03.jpg,대한민국 아파트 전용 101㎡ 평면도,부산연산 행복주택 아파트 전용면적 16㎡·26㎡·44㎡형 평면도 - dyurwitcherry's it.ἄλφα,https://minorcastle.blogspot.com/2023/06/162644.html,https://blogger.googleusercontent.com/img/b/R29vZ2xl/AVvXsEja7i4EUs4ECT10_lYNUbxDSyU2xamO2XuaXdYlsrPjyVHGnMzxZDAyDGK5jL-hhCEE7bx7jtj6bNuC6OwaDJnNJYW6jH2frI27HQTc3IG0SZoPF_z4GcjTPctL0W8w_Bj_Nuov4iE-FQdNPd6CRB71RBuzqqDQjFnO34H_xtnlU11JpMqo-dI9lOiUAAg/s16000/BSYS2HP16.png,https://blogger.googleusercontent.com/img/b/R29vZ2xl/AVvXsEja7i4EUs4ECT10_lYNUbxDSyU2xamO2XuaXdYlsrPjyVHGnMzxZDAyDGK5jL-hhCEE7bx7jtj6bNuC6OwaDJnNJYW6jH2frI27HQTc3IG0SZoPF_z4GcjTPctL0W8w_Bj_Nuov4iE-FQdNPd6CRB71RBuzqqDQjFnO34H_xtnlU11JpMqo-dI9lOiUAAg/s16000/BSYS2HP16.png,minorcastle.blogspot.com,5217,3209,1.626,1104210,3fff3fdf3f9721f3e1e161e0e1c1e1c1e183e1c3f3c7ffefffffffffff80ff87,23,검토필요
전용101,101,101,93㎡ 이상 109㎡ 미만,floorplan_101_04.jpg,아파트_공통_이미지\평면도\전용101\floorplan_101_04.jpg,대한민국 아파트 전용 101㎡ 평면도,경북도청이전신도시 행복주택 경북도청 LH 아파트 전용면적 21㎡형·26㎡형·36㎡형 평면도 - dyurwitcherry's it ...,https://minorcastle.blogspot.com/2023/07/lh-212636.html,https://blogger.googleusercontent.com/img/b/R29vZ2xl/AVvXsEj4qsKVSllXLeO7WcS-1xTllNS2YaAbFwQ9KwFTtI5Ta8fOue0hyT4CIZjKVWEtcmv4036cSN6UdcgZWvIsFqnN2q7DJGAIVbZtEYesgj-Gia95M7Jb3B6qAgINKQFPn12yQucru8R_MndnRuDOVdJwc7mRJkY22nrZvD9tzso79DDrFV-YVOi9Vz1VGLs/s3597/GBDCHP21A.png,https://blogger.googleusercontent.com/img/b/R29vZ2xl/AVvXsEj4qsKVSllXLeO7WcS-1xTllNS2YaAbFwQ9KwFTtI5Ta8fOue0hyT4CIZjKVWEtcmv4036cSN6UdcgZWvIsFqnN2q7DJGAIVbZtEYesgj-Gia95M7Jb3B6qAgINKQFPn12yQucru8R_MndnRuDOVdJwc7mRJkY22nrZvD9tzso79DDrFV-YVOi9Vz1VGLs/s3597/GBDCHP21A.png,minorcastle.blogspot.com,3597,2173,1.655,1592093,3fff3ffd3fc8f788e3852387e383f3c333c1e3e3f3e3ffff7fffffff7f8fffff,23,검토필요
전용101,101,101,93㎡ 이상 109㎡ 미만,floorplan_101_05.jpg,아파트_공통_이미지\평면도\전용101\floorplan_101_05.jpg,대한민국 아파트 전용 101㎡ 평면도,보령명천지구 A1블록 영구임대주택 보령명천 LH 1단지 아파트 전용면적 26㎡형 평면도 - dyurwitcherry's it.ἄλφα,https://minorcastle.blogspot.com/2023/01/a1-lh-1-26.html,https://blogger.googleusercontent.com/img/b/R29vZ2xl/AVvXsEhqMOgsllRI33qFDE1Rm5cocFAnM5yarv7-M32aCKITc9RBEGPMiKz3_16EglUlasLHN0uqmyspyq8t2AVSj4QOX0amdjJh2IUE9prCM9iyb8hvZsipm1uzL7h86FAfeEayoPal3XKtaNkurZ1cDIzX0aGYMViC2M3XX3ho0VkeiCkRj383HqK4IQ7c/s16000/BLUC0926A.png,https://blogger.googleusercontent.com/img/b/R29vZ2xl/AVvXsEhqMOgsllRI33qFDE1Rm5cocFAnM5yarv7-M32aCKITc9RBEGPMiKz3_16EglUlasLHN0uqmyspyq8t2AVSj4QOX0amdjJh2IUE9prCM9iyb8hvZsipm1uzL7h86FAfeEayoPal3XKtaNkurZ1cDIzX0aGYMViC2M3XX3ho0VkeiCkRj383HqK4IQ7c/s16000/BLUC0926A.png,minorcastle.blogspot.com,2336,2901,0.805,1762686,093709bfffffc7ff83ff83ff93ff83978701fe01fc03f907f0cff01ffc3fff7f,23,검토필요
전용101,101,101,93㎡ 이상 109㎡ 미만,floorplan_101_06.jpg,아파트_공통_이미지\평면도\전용101\floorplan_101_06.jpg,대한민국 아파트 전용 101㎡ 평면도,대전상서 행복주택 산업단지형 아파트 전용면적 16㎡·26㎡·36㎡형 평면도 - dyurwitcherry's it.ἄλφα,https://minorcastle.blogspot.com/2023/07/162636.html,https://blogger.googleusercontent.com/img/b/R29vZ2xl/AVvXsEhLrvxPuehrilltB3CQAjJy7AxuMFD6YV4pEkjdrftwuhyP4NYZwR7arR-_wrjl4o5BUuVuP3nZjz321dJmSebImYQSXHurouc5Blyh-PfSVk6JgEQ5gEQcoVuXp_25w0b3lOsK707LmFJaj7c6nuPDgYHdVoH7kRy5MS40s2hwRFPltHjiIk265yQECZE/s5177/DJSSHP16A.png,https://blogger.googleusercontent.com/img/b/R29vZ2xl/AVvXsEhLrvxPuehrilltB3CQAjJy7AxuMFD6YV4pEkjdrftwuhyP4NYZwR7arR-_wrjl4o5BUuVuP3nZjz321dJmSebImYQSXHurouc5Blyh-PfSVk6JgEQ5gEQcoVuXp_25w0b3lOsK707LmFJaj7c6nuPDgYHdVoH7kRy5MS40s2hwRFPltHjiIk265yQECZE/s5177/DJSSHP16A.png,minorcastle.blogspot.com,5177,2773,1.867,1408818,1fff1fff1fef33c7f187f1c333c3f3c1f3e131e0f1e0f1f1ffffffffffffffff,23,검토필요
전용101,101,101,93㎡ 이상 109㎡ 미만,floorplan_101_07.jpg,아파트_공통_이미지\평면도\전용101\floorplan_101_07.jpg,대한민국 아파트 전용 101㎡ 평면도,거제하청 LH 1단지 10년 공공임대주택 전용면적 51㎡·59㎡형 평면도 - dyurwitcherry's it.ἄλφα,https://minorcastle.blogspot.com/2018/05/lh-1-10-5159.html,https://blogger.googleusercontent.com/img/b/R29vZ2xl/AVvXsEhfbnf6_BOUGf4OQTNjrIC1Ow8ueeLAjZFQsuL8wrdnrkS0AEbJqY41Ii4kg_AgsT6Lb9CwuYIp7fh4eHUax5JnT7Bcy7lQ1X3f9cdIM58l6Qnp5OevhP-vT7iWeXjZZTMOc7_LVEfUZYw/s1600/GJHC_51.png,https://blogger.googleusercontent.com/img/b/R29vZ2xl/AVvXsEhfbnf6_BOUGf4OQTNjrIC1Ow8ueeLAjZFQsuL8wrdnrkS0AEbJqY41Ii4kg_AgsT6Lb9CwuYIp7fh4eHUax5JnT7Bcy7lQ1X3f9cdIM58l6Qnp5OevhP-vT7iWeXjZZTMOc7_LVEfUZYw/s1600/GJHC_51.png,minorcastle.blogspot.com,1600,1050,1.524,741275,0007000700071ffffff7ffc38383c381c3c083c083e1c3e383f38fffffffffff,23,검토필요
전용101,101,101,93㎡ 이상 109㎡ 미만,floorplan_101_08.jpg,아파트_공통_이미지\평면도\전용101\floorplan_101_08.jpg,대한민국 아파트 전용 101㎡ 평면도,옹진백령 영구임대주택 LH 백령마을 아파트 전용면적 24㎡형 평면도 - dyurwitcherry's it.ἄλφα,https://minorcastle.blogspot.com/2023/07/lh-24.html,https://blogger.googleusercontent.com/img/b/R29vZ2xl/AVvXsEjVNXE8X-1PFA0iXF7ZRXaBD51ahaf6phG1kx4WeKDSOgfXpovkqhUoxOIDp7wgN6RFePKyIhx5BY5EjmoMw5lyGnDq4H_h7np1STNIjp9prokFLUhllaJVZB8v9OQYm1Jo1KduXA_qlP3ql-vCm1Tar2AsQ8qQHFSCTaqzpqZFdJGDIFCWL7izHta1Kv8/s16000/ICOJBRLHAPT0926A.png,https://blogger.googleusercontent.com/img/b/R29vZ2xl/AVvXsEjVNXE8X-1PFA0iXF7ZRXaBD51ahaf6phG1kx4WeKDSOgfXpovkqhUoxOIDp7wgN6RFePKyIhx5BY5EjmoMw5lyGnDq4H_h7np1STNIjp9prokFLUhllaJVZB8v9OQYm1Jo1KduXA_qlP3ql-vCm1Tar2AsQ8qQHFSCTaqzpqZFdJGDIFCWL7izHta1Kv8/s16000/ICOJBRLHAPT0926A.png,minorcastle.blogspot.com,2517,3149,0.799,1855259,03ff078f0787078f078f078f078f070f07bf07ff0271026107cb0793078707bf,23,검토필요
전용101,101,101,93㎡ 이상 109㎡ 미만,floorplan_101_09.jpg,아파트_공통_이미지\평면도\전용101\floorplan_101_09.jpg,대한민국 아파트 전용 101㎡ 평면도,"아파트 평면도 사진을 cad도면화 해서 제공해드립니다., 도면 제작·수정 포트폴리오 - 크몽",https://kmong.com/portfolio/view/82134,https://d2v80xjmx68n4w.cloudfront.net/members/portfolios/u5lFa1692078869.jpg,https://d2v80xjmx68n4w.cloudfront.net/members/portfolios/u5lFa1692078869.jpg,kmong.com,3399,3403,0.999,716342,ffffffffffff801f801f800f800f8007e9a1c42180018003ffffffffffff0000,20,검토필요
전용101,101,101,93㎡ 이상 109㎡ 미만,floorplan_101_10.jpg,아파트_공통_이미지\평면도\전용101\floorplan_101_10.jpg,대한민국 아파트 전용 101㎡ 평면도,"3d 원룸 아파트 평면도 GS건설, 임대수익형 '더블",https://fity.club/lists/suggestions/3d-원룸-아파트-평면도/,https://archisketch-resources.s3.ap-northeast-2.amazonaws.com/service/V2/d0c9762e-a4d6-4adf-b64c-ed6620aa113b.png,https://archisketch-resources.s3.ap-northeast-2.amazonaws.com/service/V2/d0c9762e-a4d6-4adf-b64c-ed6620aa113b.png,fity.club,1511,853,1.771,591504,0000ffffffff87e707c107030300010001c001c101f301fb9fffffffffff0000,20,검토필요
전용114,114,114,109㎡ 이상 125㎡ 미만,floorplan_114_01.jpg,아파트_공통_이미지\평면도\전용114\floorplan_114_01.jpg,대한민국 아파트 전용 114㎡ 평면도,단위세대평면도 정비사업 정보몽땅,https://cleanup.seoul.go.kr/service/opendata/cafeOthbc/vscrCafe.do?cafeId=140100002005u31&othbcIemSn=205,https://cleanup.seoul.go.kr/servlet/image?url=/opendata/real/11140-100002005/205/516067/201906270113301561565610712.jpg,https://cleanup.seoul.go.kr/servlet/image?url=/opendata/real/11140-100002005/205/516067/201906270113301561565610712.jpg,cleanup.seoul.go.kr,3309,2339,1.415,438597,00007ffcfbfcf83ff03ff01ff31ffedcf01cffbff01ff01cff7cfffc7c7c0000,41,검토필요
전용114,114,114,109㎡ 이상 125㎡ 미만,floorplan_114_02.jpg,아파트_공통_이미지\평면도\전용114\floorplan_114_02.jpg,대한민국 아파트 전용 114㎡ 평면도,단위세대평면도 정비사업 정보몽땅,https://cleanup.seoul.go.kr/service/opendata/cafeOthbc/vscrCafe.do?cafeId=680900000542Q95&othbcIemSn=205,https://cleanup.seoul.go.kr/servlet/image?url=/opendata/real/11680-900000542/205/707723/202207251733431658738023006.jpg,https://cleanup.seoul.go.kr/servlet/image?url=/opendata/real/11680-900000542/205/707723/202207251733431658738023006.jpg,cleanup.seoul.go.kr,3507,2480,1.414,552984,ffff80019f3fbfffffc7efc781c3c083d8839893c093ffc3ffffffff8421ffff,34,검토필요
전용114,114,114,109㎡ 이상 125㎡ 미만,floorplan_114_03.jpg,아파트_공통_이미지\평면도\전용114\floorplan_114_03.jpg,대한민국 아파트 전용 114㎡ 평면도,아파트 평면도 조회 방법 총정리: 이사 전 꼭 확인해야 하는 이유,https://www.edrawsoft.com/kr/diagram-tutorial/apartment-floor-plan-check.html,https://images.edrawsoft.com/kr/articles/edrawmax/floorplan/view-apt-floor-plan-01.png,https://images.edrawsoft.com/kr/articles/edrawmax/floorplan/view-apt-floor-plan-01.png,edrawsoft.com,1406,1084,1.297,114476,fffffe3f80018c01bf018869e061fc31f1f5f06dfa6df861f801f80dffffffff,31,검토필요
전용114,114,114,109㎡ 이상 125㎡ 미만,floorplan_114_04.jpg,아파트_공통_이미지\평면도\전용114\floorplan_114_04.jpg,대한민국 아파트 전용 114㎡ 평면도,아산탕정2 A14블록 행복주택 아산탕정 LH 14단지 아파트 전용면적 21㎡형·26㎡형·36㎡형·44㎡형 평면도 ...,https://minorcastle.blogspot.com/2023/07/2-a14-lh-14-21263644.html,https://blogger.googleusercontent.com/img/b/R29vZ2xl/AVvXsEgWcZkYikNJt0HVWBJJEAwe92aP76bkIg1Re8P3opl8WvWH-74MswQAOUiYdk2C3DS1Rqlw-MAHOA0nLQjy3AEmomfNdmNA3h9exECU3tbD4ybLzwtFrZXutG7P03ffKk1UEWmRwqjHF1_HsxvPsRUzcPntr_ga_DlBcJzVNrTAiv8K6U3MqUqk9k_Nquc/s16000/ASTJA14BL21A.png,https://blogger.googleusercontent.com/img/b/R29vZ2xl/AVvXsEgWcZkYikNJt0HVWBJJEAwe92aP76bkIg1Re8P3opl8WvWH-74MswQAOUiYdk2C3DS1Rqlw-MAHOA0nLQjy3AEmomfNdmNA3h9exECU3tbD4ybLzwtFrZXutG7P03ffKk1UEWmRwqjHF1_HsxvPsRUzcPntr_ga_DlBcJzVNrTAiv8K6U3MqUqk9k_Nquc/s16000/ASTJA14BL21A.png,minorcastle.blogspot.com,3475,2075,1.675,1452998,3fff38e73ce33ce323c163c3e3836384e3c4e3ec7ffcffffffffffffffffffaf,23,검토필요
전용114,114,114,109㎡ 이상 125㎡ 미만,floorplan_114_05.jpg,아파트_공통_이미지\평면도\전용114\floorplan_114_05.jpg,대한민국 아파트 전용 114㎡ 평면도,"3d 원룸 아파트 평면도 GS건설, 임대수익형 '더블",https://fity.club/lists/suggestions/3d-원룸-아파트-평면도/,https://archisketch-resources.s3.ap-northeast-2.amazonaws.com/service/V2/cdddad0e-444a-43ec-b0f6-36775a3ea444.png,https://archisketch-resources.s3.ap-northeast-2.amazonaws.com/service/V2/cdddad0e-444a-43ec-b0f6-36775a3ea444.png,fity.club,1511,853,1.771,481993,0000fffeffffcfdf81818381a1a1c1c1c1c3e3c7c1c1e1c3ffefffffffff0000,20,검토필요
전용114,114,114,109㎡ 이상 125㎡ 미만,floorplan_114_06.jpg,아파트_공통_이미지\평면도\전용114\floorplan_114_06.jpg,대한민국 아파트 전용 114㎡ 평면도,"요즘 아파트 평면도 모음 + 짧은 설명 (전용면적, 4bay가 뭔데?) - 포텐 터짐 최신순 - 에펨코리아",https://www.fmkorea.com/best/2289656509,https://getfile.fmkorea.com/getfile.php?code=3efc0fcbd0b7b580fb454e61040bf671&file=https://img.theqoo.net/img/CQxnm.png&,https://img-store.theqoo.net/CQxnm.png,fmkorea.com,1200,1448,0.829,107702,fcf8f838f00fe007c007f003fe033f871fefffffffffffff87c383c183c083c1,20,검토필요
전용114,114,114,109㎡ 이상 125㎡ 미만,floorplan_114_07.jpg,아파트_공통_이미지\평면도\전용114\floorplan_114_07.jpg,대한민국 아파트 전용 114㎡ 평면도,"요즘 아파트 평면도 모음 + 짧은 설명 (전용면적, 4bay가 뭔데?) - 유머/움짤/이슈 - 에펨코리아",https://www.fmkorea.com/2289656509,https://getfile.fmkorea.com/getfile.php?code=bab40ca0b6a05d7ff06ee1b58aac4958&file=https://img.theqoo.net/img/OizOD.jpg&,https://img-store.theqoo.net/OizOD.jpg,fmkorea.com,1100,1157,0.951,101408,ff807e00fc00fc00fc00fc00ffffffffffdffc07e087e007e007e007e087ffff,20,검토필요
전용114,114,114,109㎡ 이상 125㎡ 미만,floorplan_114_08.jpg,아파트_공통_이미지\평면도\전용114\floorplan_114_08.jpg,대한민국 아파트 전용 114㎡ 평면도,"요즘 아파트 평면도 모음 + 짧은 설명 (전용면적, 4bay가 뭔데?) - 포텐 터짐 최신순 - 에펨코리아",https://www.fmkorea.com/best/2289656509,https://getfile.fmkorea.com/getfile.php?code=9a9a547bea3058fb58494489b21293f2&file=https://img.theqoo.net/img/FmomL.png&,https://img-store.theqoo.net/FmomL.png,fmkorea.com,666,583,1.142,38308,1fff0fff0fff1fff0e1f001f001f0000050320830303100300038203ffffffff,18,검토필요
전용114,114,114,109㎡ 이상 125㎡ 미만,floorplan_114_09.jpg,아파트_공통_이미지\평면도\전용114\floorplan_114_09.jpg,대한민국 아파트 전용 114㎡ 평면도,"요즘 아파트 평면도 모음 + 짧은 설명 (전용면적, 4bay가 뭔데?) - 유머/움짤/이슈 - 에펨코리아",https://www.fmkorea.com/2289656509,https://getfile.fmkorea.com/getfile.php?code=fc340d89d1838eb260d64559da67bf63&file=https://img.theqoo.net/img/LNvyp.png&,https://img-store.theqoo.net/LNvyp.png,fmkorea.com,820,1543,0.531,84120,e43f001f0003000000000707ff20fffffffffffff01f800f800080008000ffbf,18,검토필요
전용114,114,114,109㎡ 이상 125㎡ 미만,floorplan_114_10.jpg,아파트_공통_이미지\평면도\전용114\floorplan_114_10.jpg,대한민국 아파트 전용 114㎡ 평면도,"요즘 아파트 평면도 모음 + 짧은 설명 (전용면적, 4bay가 뭔데?) - 유머/움짤/이슈 - 에펨코리아",https://www.fmkorea.com/2289656509,https://getfile.fmkorea.com/getfile.php?code=03a703e18dce6e984ab31d760216c619&file=https://img.theqoo.net/img/IqOnk.png&,https://img-store.theqoo.net/IqOnk.png,fmkorea.com,820,1569,0.523,77598,ff3ffc1f848300000100a000adffadfffffffffffc3ffc07008100012001f9b7,18,검토필요
전용134이상,134_plus,134,125㎡ 이상,floorplan_134_plus_01.jpg,아파트_공통_이미지\평면도\전용134이상\floorplan_134_plus_01.jpg,대한민국 아파트 전용 134㎡ 평면도,아파트 단위세대 평면도 발급 방법 총정리!(세움터 이용법 가이드) by. 스튜디오 에드윈 : 네이버 블로그,https://m.blog.naver.com/studio-edwin/223799428326,https://mblogthumb-phinf.pstatic.net/MjAyNTAzMTdfOSAg/MDAxNzQyMTk1NTYxMjYy.Y6Izrr4mlGbcE46dN8tgv8rpwFxSm2To4X883aMGrgIg.4V3X_S15ZAfXnHDDc7-Sui8jkxOsw7KTrD9mFUxoVpUg.PNG/image.png?type=w800,https://mblogthumb-phinf.pstatic.net/MjAyNTAzMTdfOSAg/MDAxNzQyMTk1NTYxMjYy.Y6Izrr4mlGbcE46dN8tgv8rpwFxSm2To4X883aMGrgIg.4V3X_S15ZAfXnHDDc7-Sui8jkxOsw7KTrD9mFUxoVpUg.PNG/image.png?type=w800,m.blog.naver.com,800,566,1.413,152257,fffffe7fee77fff7fc3ff81ff83ff83ff93ffbdff83ff83ffffff9ff0001c001,35,검토필요
전용134이상,134_plus,134,125㎡ 이상,floorplan_134_plus_02.jpg,아파트_공통_이미지\평면도\전용134이상\floorplan_134_plus_02.jpg,대한민국 아파트 전용 134㎡ 평면도,Changes in Pyeongtaek and Hyangnam: 동탄부영아파트 134㎡ 평면도(Unit),https://nacodeone.blogspot.com/2016/08/134-unit.html,https://blogger.googleusercontent.com/img/b/R29vZ2xl/AVvXsEgNIy0iG_bDNSJ5x3rX7J-Dd7VDLnQwSl4weCgwgb9-zqvSppmSZdYht42O2i88MFrux3K8CythmxttGm0i0qOUD1HXJjnzkmoBIODXpSiMJJ49Y26Rws9SJ1Y7yKOrWx8dn8VQlfVUr90/s1600/001.png,https://blogger.googleusercontent.com/img/b/R29vZ2xl/AVvXsEgNIy0iG_bDNSJ5x3rX7J-Dd7VDLnQwSl4weCgwgb9-zqvSppmSZdYht42O2i88MFrux3K8CythmxttGm0i0qOUD1HXJjnzkmoBIODXpSiMJJ49Y26Rws9SJ1Y7yKOrWx8dn8VQlfVUr90/s1600/001.png,nacodeone.blogspot.com,867,1465,0.592,604375,fffffa1f9fffbedffffffc1fe007c003e01fe7fff80ff00fe00ff00fffffffff,28,검토필요
전용134이상,134_plus,134,125㎡ 이상,floorplan_134_plus_03.jpg,아파트_공통_이미지\평면도\전용134이상\floorplan_134_plus_03.jpg,대한민국 아파트 전용 134㎡ 평면도,별내 힐스테이트 스테이원 평면도 / 8월 현장모습 : 네이버 블로그,https://m.blog.naver.com/hennessy99/222077356450,https://mblogthumb-phinf.pstatic.net/MjAyMDA4MzFfMjk4/MDAxNTk4ODcwOTUyOTIy.WSv7EX7u800tUnXTDbddvbxFYikhcu97KPLXN0inCIQg.VnQDuhWNtO5r7rDjOsJ_oNWzVWAE3Bs-YbDc4OR80j4g.JPEG.hennessy99/134A.jpg?type=w800,https://mblogthumb-phinf.pstatic.net/MjAyMDA4MzFfMjk4/MDAxNTk4ODcwOTUyOTIy.WSv7EX7u800tUnXTDbddvbxFYikhcu97KPLXN0inCIQg.VnQDuhWNtO5r7rDjOsJ_oNWzVWAE3Bs-YbDc4OR80j4g.JPEG.hennessy99/134A.jpg?type=w800,m.blog.naver.com,773,860,0.899,73772,1fff1fffffff1ffffffffdfffdfffffffff3ffe1e8018001800181ffc3f3cfff,28,검토필요
전용134이상,134_plus,134,125㎡ 이상,floorplan_134_plus_04.jpg,아파트_공통_이미지\평면도\전용134이상\floorplan_134_plus_04.jpg,대한민국 아파트 전용 134㎡ 평면도,인테리어 전 꼭 봐야 할 평면도 예시 모음,https://www.edrawsoft.com/kr/template/floor-plan-examples.html,https://images.edrawsoft.com/kr/articles/edrawmax/floorplan/floor-plan-01.png,https://images.edrawsoft.com/kr/articles/edrawmax/floorplan/floor-plan-01.png,edrawsoft.com,996,571,1.744,291872,ffffbc8ff1c0f140f1c011e003c413c03fff07c639e27de212c47de009a0ffff,24,검토필요
전용134이상,134_plus,134,125㎡ 이상,floorplan_134_plus_05.jpg,아파트_공통_이미지\평면도\전용134이상\floorplan_134_plus_05.jpg,대한민국 아파트 전용 134㎡ 평면도,인테리어 전 꼭 봐야 할 평면도 예시 모음,https://www.edrawsoft.com/kr/template/floor-plan-examples.html,https://images.edrawsoft.com/kr/articles/edrawmax/floorplan/floor-plan-02.png,https://images.edrawsoft.com/kr/articles/edrawmax/floorplan/floor-plan-02.png,edrawsoft.com,751,570,1.318,80092,ffff8d7ff801f863f8e180e1a0e180e1bffd9bfdb5edb7edb7e1b4e184c1ffff,24,검토필요
전용134이상,134_plus,134,125㎡ 이상,floorplan_134_plus_06.jpg,아파트_공통_이미지\평면도\전용134이상\floorplan_134_plus_06.jpg,대한민국 아파트 전용 134㎡ 평면도,"한옥 특성 살린 `한국형 LH 주택` 개발 | 집 계획, 주택평면도, 평면도",https://www.pinterest.ph/pin/805933295795362044/,https://i.pinimg.com/originals/71/c8/d7/71c8d787f0ede5e96da5ec2b8e1bd755.jpg,https://i.pinimg.com/originals/71/c8/d7/71c8d787f0ede5e96da5ec2b8e1bd755.jpg,pinterest.ph,1620,1215,1.333,238034,fffffffff007e007c207c00fc003c003c803c903c82bc003e003e1ffffffffff,20,검토필요
전용134이상,134_plus,134,125㎡ 이상,floorplan_134_plus_07.jpg,아파트_공통_이미지\평면도\전용134이상\floorplan_134_plus_07.jpg,대한민국 아파트 전용 134㎡ 평면도,"요즘 아파트 평면도 모음 + 짧은 설명 (전용면적, 4bay가 뭔데?) - 유머/움짤/이슈 - 에펨코리아",https://www.fmkorea.com/2289656509,https://getfile.fmkorea.com/getfile.php?code=3808bd564d3d43cd45d5471fdebc6942&file=https://img.theqoo.net/img/SsUtm.png&,https://img-store.theqoo.net/SsUtm.png,fmkorea.com,904,894,1.011,56416,4081e001e001e001e001e001ffffffffffffffff7ffff8ff00ff00ff00ff00ff,18,검토필요
전용134이상,134_plus,134,125㎡ 이상,floorplan_134_plus_08.jpg,아파트_공통_이미지\평면도\전용134이상\floorplan_134_plus_08.jpg,대한민국 아파트 전용 134㎡ 평면도,"요즘 아파트 평면도 모음 + 짧은 설명 (전용면적, 4bay가 뭔데?) - 포텐 터짐 최신순 - 에펨코리아",https://www.fmkorea.com/best/2289656509,https://getfile.fmkorea.com/getfile.php?code=be17142223b66b5fc7a3a1cc3175b182&file=https://img.theqoo.net/img/SvmXB.jpg&,https://img-store.theqoo.net/SvmXB.jpg,fmkorea.com,938,1269,0.739,112378,1fff1ffff1fff00fe007c007c007f807ff88fff8ffffffff03ff03ff01ff01ff,18,검토필요
전용134이상,134_plus,134,125㎡ 이상,floorplan_134_plus_09.jpg,아파트_공통_이미지\평면도\전용134이상\floorplan_134_plus_09.jpg,대한민국 아파트 전용 134㎡ 평면도,"요즘 아파트 평면도 모음 + 짧은 설명 (전용면적, 4bay가 뭔데?) - 포텐 터짐 최신순 - 에펨코리아",https://www.fmkorea.com/best/2289656509,https://getfile.fmkorea.com/getfile.php?code=724080653abb14304a57abe3531dfc3a&file=https://img.theqoo.net/img/pslBM.jpg&,https://img-store.theqoo.net/pslBM.jpg,fmkorea.com,938,1248,0.752,95904,1fff1ffffe9ff00ff007f003e183f00ff01ff8ffffffffffc3ff81ff01ff03ff,18,검토필요
전용134이상,134_plus,134,125㎡ 이상,floorplan_134_plus_10.jpg,아파트_공통_이미지\평면도\전용134이상\floorplan_134_plus_10.jpg,대한민국 아파트 전용 134㎡ 평면도,"요즘 아파트 평면도 모음 + 짧은 설명 (전용면적, 4bay가 뭔데?) - 유머/움짤/이슈 - 에펨코리아",https://www.fmkorea.com/2289656509,https://getfile.fmkorea.com/getfile.php?code=b89aff82ac2f7d08cf2f6002d8c3ef93&file=https://img.theqoo.net/img/JDOjI.png&,https://img-store.theqoo.net/JDOjI.png,fmkorea.com,488,466,1.047,21312,ffffffffffff800f800f80018001800180018001800180018001ffffffffffff,16,검토필요
