단지명,구분,전용면적_m2,평수,사유
,단지 전체,,,31행의 단지명이 비어 있음
,단지 전체,,,32행의 단지명이 비어 있음
,단지 전체,,,33행의 단지명이 비어 있음
,단지 전체,,,34행의 단지명이 비어 있음
,단지 전체,,,35행의 단지명이 비어 있음
,단지 전체,,,36행의 단지명이 비어 있음
,단지 전체,,,37행의 단지명이 비어 있음
,단지 전체,,,38행의 단지명이 비어 있음
,단지 전체,,,39행의 단지명이 비어 있음
,단지 전체,,,40행의 단지명이 비어 있음
,단지 전체,,,41행의 단지명이 비어 있음
,단지 전체,,,42행의 단지명이 비어 있음
,단지 전체,,,43행의 단지명이 비어 있음
,단지 전체,,,44행의 단지명이 비어 있음
,단지 전체,,,45행의 단지명이 비어 있음
,단지 전체,,,46행의 단지명이 비어 있음
,단지 전체,,,47행의 단지명이 비어 있음
,단지 전체,,,48행의 단지명이 비어 있음
,단지 전체,,,49행의 단지명이 비어 있음
,단지 전체,,,50행의 단지명이 비어 있음
,단지 전체,,,51행의 단지명이 비어 있음
,단지 전체,,,52행의 단지명이 비어 있음
,단지 전체,,,53행의 단지명이 비어 있음
,단지 전체,,,54행의 단지명이 비어 있음
,단지 전체,,,55행의 단지명이 비어 있음
,단지 전체,,,56행의 단지명이 비어 있음
,단지 전체,,,57행의 단지명이 비어 있음
,단지 전체,,,58행의 단지명이 비어 있음
,단지 전체,,,59행의 단지명이 비어 있음
,단지 전체,,,60행의 단지명이 비어 있음
,단지 전체,,,61행의 단지명이 비어 있음
,단지 전체,,,62행의 단지명이 비어 있음
,단지 전체,,,63행의 단지명이 비어 있음
,단지 전체,,,64행의 단지명이 비어 있음
,단지 전체,,,65행의 단지명이 비어 있음
,단지 전체,,,66행의 단지명이 비어 있음
,단지 전체,,,67행의 단지명이 비어 있음
,단지 전체,,,68행의 단지명이 비어 있음
,단지 전체,,,69행의 단지명이 비어 있음
,단지 전체,,,70행의 단지명이 비어 있음
,단지 전체,,,71행의 단지명이 비어 있음
,단지 전체,,,72행의 단지명이 비어 있음
,단지 전체,,,73행의 단지명이 비어 있음
,단지 전체,,,74행의 단지명이 비어 있음
,단지 전체,,,75행의 단지명이 비어 있음
,단지 전체,,,76행의 단지명이 비어 있음
,단지 전체,,,77행의 단지명이 비어 있음
,단지 전체,,,78행의 단지명이 비어 있음
,단지 전체,,,79행의 단지명이 비어 있음
,단지 전체,,,80행의 단지명이 비어 있음
,단지 전체,,,81행의 단지명이 비어 있음
,단지 전체,,,82행의 단지명이 비어 있음
,단지 전체,,,83행의 단지명이 비어 있음
,단지 전체,,,84행의 단지명이 비어 있음
,단지 전체,,,85행의 단지명이 비어 있음
,단지 전체,,,86행의 단지명이 비어 있음
,단지 전체,,,87행의 단지명이 비어 있음
,단지 전체,,,88행의 단지명이 비어 있음
,단지 전체,,,89행의 단지명이 비어 있음
,단지 전체,,,90행의 단지명이 비어 있음
,단지 전체,,,91행의 단지명이 비어 있음
,단지 전체,,,92행의 단지명이 비어 있음
,단지 전체,,,93행의 단지명이 비어 있음
,단지 전체,,,94행의 단지명이 비어 있음
,단지 전체,,,95행의 단지명이 비어 있음
,단지 전체,,,96행의 단지명이 비어 있음
,단지 전체,,,97행의 단지명이 비어 있음
,단지 전체,,,98행의 단지명이 비어 있음
,단지 전체,,,99행의 단지명이 비어 있음
,단지 전체,,,100행의 단지명이 비어 있음
,단지 전체,,,101행의 단지명이 비어 있음
,단지 전체,,,102행의 단지명이 비어 있음
,단지 전체,,,103행의 단지명이 비어 있음
,단지 전체,,,104행의 단지명이 비어 있음
,단지 전체,,,105행의 단지명이 비어 있음
,단지 전체,,,106행의 단지명이 비어 있음
,단지 전체,,,107행의 단지명이 비어 있음
,단지 전체,,,108행의 단지명이 비어 있음
,단지 전체,,,109행의 단지명이 비어 있음
,단지 전체,,,110행의 단지명이 비어 있음
,단지 전체,,,111행의 단지명이 비어 있음
,단지 전체,,,112행의 단지명이 비어 있음
,단지 전체,,,113행의 단지명이 비어 있음
,단지 전체,,,114행의 단지명이 비어 있음
,단지 전체,,,115행의 단지명이 비어 있음
,단지 전체,,,116행의 단지명이 비어 있음
,단지 전체,,,117행의 단지명이 비어 있음
,단지 전체,,,118행의 단지명이 비어 있음
,단지 전체,,,119행의 단지명이 비어 있음
,단지 전체,,,120행의 단지명이 비어 있음
,단지 전체,,,121행의 단지명이 비어 있음
,단지 전체,,,122행의 단지명이 비어 있음
,단지 전체,,,123행의 단지명이 비어 있음
,단지 전체,,,124행의 단지명이 비어 있음
,단지 전체,,,125행의 단지명이 비어 있음
,단지 전체,,,126행의 단지명이 비어 있음
,단지 전체,,,127행의 단지명이 비어 있음
,단지 전체,,,128행의 단지명이 비어 있음
,단지 전체,,,129행의 단지명이 비어 있음
,단지 전체,,,130행의 단지명이 비어 있음
,단지 전체,,,131행의 단지명이 비어 있음
,단지 전체,,,132행의 단지명이 비어 있음
,단지 전체,,,133행의 단지명이 비어 있음
,단지 전체,,,134행의 단지명이 비어 있음
,단지 전체,,,135행의 단지명이 비어 있음
,단지 전체,,,136행의 단지명이 비어 있음
,단지 전체,,,137행의 단지명이 비어 있음
,단지 전체,,,138행의 단지명이 비어 있음
,단지 전체,,,139행의 단지명이 비어 있음
,단지 전체,,,140행의 단지명이 비어 있음
,단지 전체,,,141행의 단지명이 비어 있음
,단지 전체,,,142행의 단지명이 비어 있음
,단지 전체,,,143행의 단지명이 비어 있음
,단지 전체,,,144행의 단지명이 비어 있음
,단지 전체,,,145행의 단지명이 비어 있음
,단지 전체,,,146행의 단지명이 비어 있음
,단지 전체,,,147행의 단지명이 비어 있음
,단지 전체,,,148행의 단지명이 비어 있음
,단지 전체,,,149행의 단지명이 비어 있음
,단지 전체,,,150행의 단지명이 비어 있음
,단지 전체,,,151행의 단지명이 비어 있음
,단지 전체,,,152행의 단지명이 비어 있음
,단지 전체,,,153행의 단지명이 비어 있음
,단지 전체,,,154행의 단지명이 비어 있음
,단지 전체,,,155행의 단지명이 비어 있음
,단지 전체,,,156행의 단지명이 비어 있음
,단지 전체,,,157행의 단지명이 비어 있음
,단지 전체,,,158행의 단지명이 비어 있음
,단지 전체,,,159행의 단지명이 비어 있음
,단지 전체,,,160행의 단지명이 비어 있음
,단지 전체,,,161행의 단지명이 비어 있음
,단지 전체,,,162행의 단지명이 비어 있음
,단지 전체,,,163행의 단지명이 비어 있음
,단지 전체,,,164행의 단지명이 비어 있음
,단지 전체,,,165행의 단지명이 비어 있음
,단지 전체,,,166행의 단지명이 비어 있음
,단지 전체,,,167행의 단지명이 비어 있음
,단지 전체,,,168행의 단지명이 비어 있음
,단지 전체,,,169행의 단지명이 비어 있음
,단지 전체,,,170행의 단지명이 비어 있음
,단지 전체,,,171행의 단지명이 비어 있음
,단지 전체,,,172행의 단지명이 비어 있음
,단지 전체,,,173행의 단지명이 비어 있음
,단지 전체,,,174행의 단지명이 비어 있음
,단지 전체,,,175행의 단지명이 비어 있음
,단지 전체,,,176행의 단지명이 비어 있음
,단지 전체,,,177행의 단지명이 비어 있음
