단지명,주소목록,행정동목록,지번목록,exclusive_area,property_ids
까치마을(1단지)(대우롯데선경),경기도 성남시 분당구 미금로 184,경기도 성남시 분당구 구미동,77,51.32 | 70.66 | 84.79 | 101.76 | 134.83,205 | 348 | 465 | 862 | 878 | 1047 | 1102 | 1147 | 1227 | 1231 | 1233 | 1339 | 1474 | 1476 | 1478 | 1622 | 1628 | 1720 | 1762 | 1927 | 2198 | 2213 | 2244 | 2641 | 2642 | 2731 | 2850 | 2858 | 3053 | 3472 | 3482 | 3548 | 3668 | 3725 | 3831 | 4240 | 4241 | 4294 | 4378 | 4425 | 4830 | 4907 | 4908
까치마을(2단지)(주공),경기도 성남시 분당구 미금일로 22,경기도 성남시 분당구 구미동,88,49.36 | 49.67 | 58.14 | 59.98,466 | 783 | 823 | 824 | 946 | 1025 | 1319 | 1475 | 1678 | 1689 | 1801 | 1975 | 1989 | 2135 | 2167 | 2183 | 2536 | 2730 | 2854 | 2855 | 2856 | 3543 | 3554 | 3830 | 3955 | 3964 | 4144 | 4259 | 4367 | 4524 | 4536 | 4598 | 4644 | 4786
까치마을(3단지)(신원),경기도 성남시 분당구 미금로 177,경기도 성남시 분당구 구미동,66,59.9 | 84.8 | 101.86 | 130.83 | 162.87 | 167.4,84 | 139 | 331 | 346 | 347 | 364 | 661 | 848 | 886 | 1011 | 1328 | 1421 | 1643 | 1688 | 1729 | 1768 | 1845 | 2034 | 2095 | 2292 | 2314 | 2364 | 2733 | 2828 | 3161 | 3182 | 3310 | 3552 | 3837 | 4127 | 4655 | 4678 | 4700 | 4732 | 4733 | 4843
까치마을(4단지)(롯데),경기도 성남시 분당구 미금일로 58,경기도 성남시 분당구 구미동,63,51.32 | 70.66 | 84.79 | 134.83,140 | 278 | 461 | 582 | 850 | 1048 | 1059 | 1309 | 1422 | 1543 | 1582 | 1671 | 1929 | 1931 | 2118 | 2353 | 2389 | 2521 | 2827 | 2849 | 2963 | 2972 | 2977 | 3004 | 3055 | 3290 | 3342 | 3583 | 4868
까치마을(4단지)(선경),경기도 성남시 분당구 미금일로 58,경기도 성남시 분당구 구미동,63,51.32 | 70.66 | 84.79 | 101.76,277 | 694 | 822 | 851 | 1042 | 1060 | 1104 | 1522 | 1766 | 2030 | 2355 | 2391 | 2613 | 2978 | 3528 | 3633 | 3669 | 3828 | 4059 | 4403 | 4588 | 4837
느티마을(3단지)(공무원),경기도 성남시 분당구 느티로 70,경기도 성남시 분당구 정자동,88,58.71 | 66.6 | 67.43,257 | 356 | 451 | 628 | 1192 | 2124 | 2437 | 2661 | 3870
느티마을(4단지)(공무원),경기도 성남시 분당구 느티로 70,경기도 성남시 분당구 정자동,90,58.19 | 58.71 | 66.6 | 67.43,320 | 430 | 432 | 463 | 476 | 484 | 566 | 897 | 988 | 1847 | 1939 | 3280 | 3346 | 3420 | 3491 | 3652 | 3693 | 3877 | 3939 | 4042 | 4097
더샵분당파크리버,경기도 성남시 분당구 돌마로 171,경기도 성남시 분당구 정자동,215,59.9474 | 74.9761 | 74.9994 | 84.925 | 84.9316 | 84.9377 | 84.9663 | 84.9807 | 84.9987,171 | 379 | 537 | 629 | 709 | 896 | 981 | 1196 | 1241 | 1304 | 1819 | 1894 | 1909 | 1921 | 2255 | 2397 | 2435 | 2455 | 2579 | 2617 | 2618 | 2644 | 2798 | 2799 | 2903 | 2920 | 3019 | 3330 | 3454 | 3907 | 4323 | 4372 | 4385 | 4389 | 4726 | 4776
동양정자파라곤(1단지),경기도 성남시 분당구 정자일로 210,경기도 성남시 분당구 정자동,14-3,84.95 | 146.37 | 166.38,258 | 1084 | 2086 | 3450 | 3659 | 3994
동양정자파라곤(2단지),경기도 성남시 분당구 정자일로 220,경기도 성남시 분당구 정자동,14-1,80.06 | 84.95 | 146.37 | 166.38,288 | 385 | 3021 | 3993
동양정자파라곤(3단지),경기도 성남시 분당구 정자일로 230,경기도 성남시 분당구 정자동,13-1,80.06 | 146.37 | 166.38,1106 | 4505 | 4539
동원로얄듀크,경기도 성남시 분당구 돌마로 908,경기도 성남시 분당구 야탑동,190,96.59 | 121.247,51 | 716 | 898 | 1006 | 1458 | 1800 | 2571 | 2703 | 3422 | 3701 | 3702
두산위브트레지움,경기도 성남시 분당구 정자일로 55,경기도 성남시 분당구 금곡동,192,84.76 | 84.9 | 120.03 | 120.14 | 147.52 | 147.6,79 | 203 | 429 | 527 | 1238 | 1351 | 1352 | 1466 | 1565 | 1645 | 1646 | 1727 | 1793 | 1908 | 1996 | 2036 | 2061 | 2305 | 2346 | 2629 | 2983 | 3193 | 3200 | 3437 | 3700 | 4003 | 4364 | 4499 | 4929 | 4931
두산제니스,경기도 성남시 분당구 정자일로232번길 25,경기도 성남시 분당구 정자동,15-4,132.17 | 157.33,759 | 1629 | 1958 | 3279 | 3807
로얄팰리스,경기도 성남시 분당구 성남대로 449,경기도 성남시 분당구 정자동,28-1,137.76 | 148.16 | 158.69 | 170.6 | 193.26 | 208.87 | 211.19,333 | 795 | 895 | 948 | 1226 | 1433 | 1455 | 1764 | 2085 | 2318 | 2398 | 2423 | 2915 | 3010 | 3011 | 3135 | 3612 | 4292 | 4951 | 4967
매화마을(주공3),경기도 성남시 분당구 양현로 507 | 경기도 성남시 분당구 양현로 537,경기도 성남시 분당구 야탑동,205,30.24 | 38.34 | 41.85 | 46.2 | 49.77,11 | 200 | 456 | 509 | 579 | 654 | 761 | 842 | 969 | 980 | 1005 | 1553 | 1932 | 2110 | 2427 | 2531 | 2576 | 2584 | 2597 | 2700 | 2766 | 2876 | 2953 | 2954 | 3024 | 3038 | 3077 | 3238 | 3260 | 3373 | 3744 | 4362 | 4406 | 4442 | 4468 | 4699 | 4701 | 4889 | 4890
매화마을(주공4),경기도 성남시 분당구 장미로 193,경기도 성남시 분당구 야탑동,211,35.28 | 41.85,197 | 368 | 422 | 448 | 726 | 763 | 766 | 1252 | 1292 | 1376 | 1551 | 2021 | 2190 | 2442 | 2509 | 2532 | 2671 | 2767 | 2845 | 2867 | 2955 | 3074 | 3368 | 3376 | 3379 | 3514 | 3773 | 3845 | 3912 | 4484 | 4491 | 4596 | 4629 | 4630 | 4646 | 4647 | 4806 | 4824 | 4892
매화마을공무원1,경기도 성남시 분당구 매화로 92,경기도 성남시 분당구 야탑동,201,49.67 | 58.92 | 59.98,192 | 194 | 218 | 243 | 303 | 324 | 811 | 820 | 936 | 962 | 1080 | 1323 | 1392 | 1533 | 1568 | 1653 | 1745 | 1799 | 1808 | 1876 | 1898 | 2069 | 2071 | 2148 | 2221 | 2470 | 2551 | 2577 | 2695 | 2698 | 2702 | 2765 | 2816 | 3268 | 3367 | 3407 | 4045 | 4057 | 4109 | 4458 | 4520 | 4846 | 4849 | 4942
매화마을공무원2,경기도 성남시 분당구 장미로 139,경기도 성남시 분당구 야탑동,215,58.19 | 58.71 | 66.6 | 67.43,4 | 20 | 50 | 60 | 72 | 83 | 95 | 103 | 121 | 156 | 209 | 217 | 219 | 223 | 237 | 304 | 306 | 344 | 358 | 541 | 544 | 576 | 631 | 655 | 656 | 703 | 771 | 778 | 810 | 863 | 900 | 901 | 902 | 973 | 1033 | 1188 | 1216 | 1222 | 1299 | 1341 | 1375 | 1377 | 1414 | 1491 | 1544 | 1603 | 1609 | 1610 | 1640 | 1672 | 1682 | 1741 | 1786 | 1798 | 1828 | 1829 | 1830 | 1877 | 1889 | 1890 | 1895 | 1912 | 1941 | 1943 | 1949 | 1955 | 1957 | 1987 | 2013 | 2040 | 2041 | 2046 | 2078 | 2116 | 2147 | 2153 | 2172 | 2206 | 2207 | 2220 | 2237 | 2258 | 2260 | 2274 | 2303 | 2323 | 2345 | 2363 | 2385 | 2434 | 2539 | 2550 | 2580 | 2615 | 2639 | 2672 | 2673 | 2696 | 2699 | 2701 | 2764 | 2870 | 3106 | 3188 | 3245 | 3372 | 3375 | 3538 | 3567 | 3569 | 3646 | 3767 | 3943 | 3944 | 3967 | 4106 | 4107 | 4130 | 4132 | 4149 | 4198 | 4298 | 4308 | 4427 | 4556 | 4595 | 4711 | 4775
목련마을(영남),경기도 성남시 분당구 판교로 669,경기도 성남시 분당구 야탑동,156,53.6 | 84.93,93 | 267 | 322 | 402 | 595 | 624 | 777 | 790 | 828 | 1063 | 1650 | 2337 | 2533 | 3039 | 3164 | 3589 | 3775 | 4557
목련마을(한신),경기도 성남시 분당구 판교로 627,경기도 성남시 분당구 야탑동,163,59.88 | 78.9,671 | 1959 | 3901 | 4341 | 4848
목련마을(한일),경기도 성남시 분당구 판교로 645,경기도 성남시 분당구 야탑동,162,50.82 | 84.93,450 | 470 | 596 | 909 | 1253 | 1340 | 1708 | 2012 | 2624 | 3378 | 3768 | 4039 | 4522 | 4781 | 4798
목련마을SK,경기도 성남시 분당구 판교로743번길 7,경기도 성남시 분당구 야탑동,147,59.93,2028 | 2070 | 2205 | 3389 | 3571 | 3771 | 4347 | 4845 | 4968
무지개(10단지)(건영),경기도 성남시 분당구 구미로 100,경기도 성남시 분당구 구미동,222,101.82 | 134.82,2199 | 2344 | 3056 | 3833 | 3866 | 4272
무지개(10단지)(삼성),경기도 성남시 분당구 구미로 100,경기도 성남시 분당구 구미동,222,101.82 | 134.97,61 | 406 | 575 | 658 | 2016 | 2018 | 2277 | 2347 | 4796
무지개(11단지)(금강센테리움),경기도 성남시 분당구 미금로22번길 9,경기도 성남시 분당구 구미동,213,49.77 | 84.99,1710 | 2729 | 4589 | 4613 | 4703 | 4759 | 4894
무지개(12단지)(주공),경기도 성남시 분당구 미금로22번길 10,경기도 성남시 분당구 구미동,212,49.36 | 49.67 | 58.14 | 59.98,28 | 76 | 138 | 275 | 312 | 363 | 614 | 657 | 737 | 798 | 802 | 885 | 1026 | 1201 | 1583 | 1690 | 1969 | 2011 | 2057 | 2058 | 2231 | 2327 | 2403 | 2790 | 2825 | 2851 | 3059 | 3184 | 3250 | 3338 | 3339 | 3530 | 3531 | 3593 | 3594 | 3625 | 3670 | 3672 | 3856 | 3971 | 4329 | 4396 | 4599 | 4656
무지개(1단지)(대림),경기도 성남시 분당구 미금로 23,경기도 성남시 분당구 구미동,211,47.52 | 60.72 | 84.97 | 101.64 | 127.17,947 | 1012 | 2201 | 2401 | 2402 | 2589 | 2626 | 2643 | 3003 | 3057 | 3102 | 3113 | 3344 | 3417 | 3542 | 3558 | 3628 | 3724 | 3758 | 3832 | 3834 | 3836 | 3894 | 3958 | 4257 | 4282 | 4306 | 4455 | 4498 | 4563 | 4710 | 4779 | 4814 | 4948
무지개(2단지)(엘지),경기도 성남시 분당구 구미로 50,경기도 성남시 분당구 구미동,202,49.83 | 72.018 | 84.822 | 101.85 | 134.94,133 | 189 | 522 | 872 | 1394 | 1584 | 1797 | 1803 | 1878 | 2049 | 2185 | 2200 | 2486 | 3122 | 3251 | 3341 | 3343 | 3483 | 3529 | 3541 | 3553 | 3846 | 3867 | 3882 | 4852
무지개(3단지)(건영),경기도 성남시 분당구 미금로 63,경기도 성남시 분당구 구미동,201,53.83 | 68.16 | 84.97,10 | 73 | 109 | 224 | 274 | 365 | 366 | 776 | 1259 | 1423 | 1855 | 2010 | 2059 | 2126 | 2377 | 3829 | 4148 | 4487 | 4523
무지개(3단지)(신한),경기도 성남시 분당구 미금로 63,경기도 성남시 분당구 구미동,201,53.46 | 69.72 | 84.768,516 | 623 | 647 | 738 | 849 | 1146 | 1586 | 1994 | 2052 | 2499 | 2598 | 2789 | 2857 | 3058 | 3183 | 3249 | 4007 | 4512 | 4610
무지개(4단지)(주공),경기도 성남시 분당구 미금로 66,경기도 성남시 분당구 구미동,220,49.67 | 58.14 | 59.98,332 | 1214 | 1948 | 2473 | 2732 | 3054 | 3838 | 3841 | 4094 | 4450 | 4766 | 4770 | 4805
무지개(5단지)(청구),경기도 성남시 분당구 무지개로 144,경기도 성남시 분당구 구미동,221,58.49 | 85,220 | 341 | 343 | 367 | 473 | 521 | 692 | 1061 | 1181 | 1507 | 1535 | 1683 | 1730 | 1930 | 1970 | 1978 | 2017 | 2096 | 2166 | 2216 | 2490 | 2588 | 2852 | 2880 | 3005 | 3291 | 3292 | 3419 | 3527 | 3673 | 3757 | 3843 | 3844 | 3847 | 3865 | 3913 | 3954 | 4012 | 4273 | 4301 | 4474 | 4705 | 4755 | 4827
무지개(6단지)(건영),경기도 성남시 분당구 구미로 115,경기도 성남시 분당구 구미동,225,101.82 | 134.82 | 161.23,25 | 362 | 433 | 472 | 493 | 1530 | 3006 | 3313 | 3549 | 4009 | 4707
무지개(7단지)(라이프),경기도 성남시 분당구 구미로 143,경기도 성남시 분당구 구미동,242,101.99 | 132.36,1219 | 1343 | 1839 | 1988
무지개(8단지)(제일),경기도 성남시 분당구 구미로144번길 7,경기도 성남시 분당구 구미동,243,101.91 | 134.46,2373 | 3634 | 4017
무지개(9단지)(동아),경기도 성남시 분당구 구미로144번길 8,경기도 성남시 분당구 구미동,240,101.97 | 134.16,1287 | 1541 | 2649 | 3314 | 3562 | 4473
미켈란쉐르빌,경기도 성남시 분당구 정자일로 100,경기도 성남시 분당구 정자동,180,19.96 | 21.12 | 23.51 | 33.53 | 37.98 | 40.94 | 134.99 | 150.91 | 151.74 | 151.88 | 155.1 | 155.11 | 157.57 | 165.25,381 | 714 | 888 | 1285 | 1595 | 1712 | 1960 | 2062 | 2068 | 2294 | 2307 | 2523 | 2566 | 2604 | 2658 | 2801 | 2806 | 2913 | 3012 | 3141 | 3409 | 3434 | 3748 | 3891 | 3992 | 4098 | 4430
백현마을2단지,경기도 성남시 분당구 동판교로 122,경기도 성남시 분당구 백현동,545,84.5 | 84.82 | 101.25 | 101.83 | 101.91 | 118.65,231 | 633 | 666 | 691 | 755 | 1313 | 1332 | 1333 | 1834 | 1835 | 2272 | 2415 | 2928 | 3201 | 3357 | 4375 | 4376 | 4488 | 4954
백현마을5단지(주공),경기도 성남시 분당구 판교역로 102,경기도 성남시 분당구 백현동,554,74.76 | 74.92 | 84.7 | 84.73 | 84.91 | 84.98,43 | 685 | 713 | 1064 | 1275 | 1331 | 1664 | 2831 | 2833 | 2927 | 2936 | 3124 | 3956 | 4044
백현마을6단지(주공),경기도 성남시 분당구 판교역로 100,경기도 성남시 분당구 백현동,555,74.45 | 74.76 | 84.61 | 84.7 | 84.98,669 | 1034 | 1158 | 1892 | 2240 | 2370 | 3470 | 3492 | 3784 | 4032 | 4073
백현마을7단지(주공),경기도 성남시 분당구 판교역로 98,경기도 성남시 분당구 백현동,556,74.76 | 84.7 | 84.73,101 | 398 | 499 | 1209 | 1211 | 1386 | 1965 | 2706 | 3469 | 4033 | 4370
백현마을8단지(대림),경기도 성남시 분당구 판교역로 72,경기도 성남시 분당구 백현동,558,101.17 | 101.46 | 117.39 | 117.6,206 | 1836 | 2585 | 3095 | 3308 | 3421 | 3467 | 3513 | 3623 | 3742
백현마을9단지(e편한세상),경기도 성남시 분당구 판교역로 49,경기도 성남시 분당구 백현동,525,101.17 | 117.67 | 117.8,1499 | 2339 | 2650 | 2981 | 3358 | 3359 | 3447 | 4018 | 4342
봇들마을1단지(판교신미주),경기도 성남시 분당구 동판교로 275,경기도 성남시 분당구 삼평동,705,82.794 | 83.235 | 83.459 | 83.698,172 | 236 | 336 | 495 | 570 | 700 | 1613 | 1619 | 1634 | 1644 | 1915 | 2164 | 2184 | 2520 | 2782 | 3270 | 3271 | 3396 | 3546 | 3664 | 3803 | 4056 | 4080 | 4415 | 4570 | 4643 | 4764
봇들마을2단지(이지더원),경기도 성남시 분당구 판교로 393,경기도 성남시 분당구 삼평동,717,83.392 | 84.2822,834 | 1569 | 2163 | 2378 | 2555 | 2748 | 2890 | 2892 | 2999 | 3047 | 3048 | 3487 | 3544 | 3626 | 4139 | 4248 | 4267 | 4392 | 4420 | 4514 | 4876
봇들마을3단지(주공),경기도 성남시 분당구 동판교로 225,경기도 성남시 분당구 삼평동,722,59.84 | 59.85 | 59.95 | 74.45,102 | 856 | 1833 | 2088 | 2250 | 2747 | 2893 | 2998 | 3140 | 3185 | 3214 | 3486 | 3488 | 3714 | 4081 | 4122 | 4350 | 4377 | 4393 | 4493 | 4530 | 4683 | 4716
봇들마을4단지(주공),경기도 성남시 분당구 동판교로 226,경기도 성남시 분당구 삼평동,718,59.84 | 74.45 | 74.92 | 84.61 | 84.69 | 84.98,39 | 482 | 997 | 1187 | 1277 | 1291 | 1477 | 1848 | 1916 | 2487 | 2511 | 2750 | 2783 | 3045 | 3046 | 3355 | 3545 | 3665 | 3857 | 3970 | 3986 | 4046 | 4084 | 4086 | 4163 | 4164 | 4269 | 4270 | 4327 | 4465 | 4515 | 4540 | 4591 | 4592 | 4593 | 4724
봇들마을7단지,경기도 성남시 분당구 동판교로 155,경기도 성남시 분당구 삼평동,738,84.5 | 84.82 | 108.15 | 108.34 | 108.44,235 | 418 | 500 | 600 | 601 | 608 | 701 | 781 | 2025 | 2390 | 2682 | 2781 | 2997 | 3217 | 3273 | 3485 | 4268 | 4633 | 4642 | 4665 | 4666 | 4853 | 4858
봇들마을8단지(주공),경기도 성남시 분당구 동판교로 153,경기도 성남시 분당구 삼평동,742,84.82 | 84.92 | 101.82 | 101.84,1067 | 1215 | 2356 | 2749 | 3126 | 4082 | 4568
봇들마을9단지(금호어울림),경기도 성남시 분당구 동판교로 156,경기도 성남시 분당구 삼평동,744,101 | 101.05 | 101.09 | 101.13 | 115.01 | 115.02 | 115.03 | 115.07 | 115.09 | 115.18 | 150.01,214 | 387 | 821 | 2089 | 2090 | 2133 | 2179 | 3128 | 3211 | 3212 | 3213 | 3215 | 3216 | 3272 | 3397 | 3489 | 3715 | 3804 | 3805 | 3858 | 3937 | 3974 | 3984 | 4028 | 4047 | 4083 | 4085 | 4353
분당더샾스타파크,경기도 성남시 분당구 정자일로 121,경기도 성남시 분당구 정자동,174-1,84.9316 | 116.4607 | 116.7905 | 117.2333,1098 | 1555 | 1789 | 2111 | 2379 | 2386 | 2518 | 2540 | 2908 | 3696 | 3697 | 3747 | 3872 | 3873 | 4517 | 4671
분당하우스토리,경기도 성남시 분당구 정자일로 15,경기도 성남시 분당구 금곡동,202,84.68 | 132.14 | 159.04 | 177.71,715 | 1186 | 1566 | 1667 | 1851 | 2035 | 2060 | 2182 | 2866 | 3849 | 4000 | 4851
산운마을10단지(대광로제비앙),경기도 성남시 분당구 판교원로81번길 15,경기도 성남시 분당구 운중동,949,59.941 | 59.98 | 83.504,29 | 42 | 1091 | 2301 | 3118 | 3153 | 3237 | 4706
산운마을11단지(판교포레라움),경기도 성남시 분당구 판교원로 68,경기도 성남시 분당구 운중동,922,51.13 | 51.16 | 59.84 | 59.9,100 | 208 | 546 | 971 | 1143 | 1202 | 1349 | 1393 | 1426 | 1427 | 1527 | 1662 | 1665 | 1666 | 1944 | 1995 | 2094 | 2605 | 2652 | 2654 | 2656 | 2796 | 3119 | 3120 | 3380 | 3388 | 3449 | 3536 | 3629 | 3677 | 3754 | 3862 | 3953 | 4186 | 4188 | 4204 | 4271 | 4316 | 4357 | 4400 | 4435 | 4527 | 4529 | 4550 | 4635
산운마을12단지판교센트럴포레와이시티,경기도 성남시 분당구 판교원로 46,경기도 성남시 분당구 운중동,921,55.36 | 55.42 | 55.44 | 59.84 | 59.9,62 | 490 | 506 | 641 | 1485 | 1518 | 1562 | 1580 | 1754 | 1755 | 1813 | 1942 | 1990 | 1992 | 2073 | 2203 | 2634 | 2864 | 3295 | 3424 | 3426 | 3432 | 3461 | 3537 | 3601 | 3602 | 3678 | 3685 | 3687 | 3710 | 3869 | 3917 | 3965 | 4013 | 4088 | 4208 | 4209 | 4212 | 4366 | 4417 | 4469 | 4551
산운마을13단지(태영),경기도 성남시 분당구 판교원로82번길 30,경기도 성남시 분당구 운중동,918,84.72 | 84.82 | 84.92 | 101.65 | 101.67 | 115.11 | 115.45 | 115.52,86 | 159 | 164 | 265 | 440 | 517 | 784 | 979 | 1308 | 1337 | 1358 | 1540 | 1840 | 2032 | 2039 | 2142 | 2302 | 2334 | 2375 | 2447 | 2586 | 2587 | 2638 | 2653 | 2655 | 2820 | 2859 | 2862 | 2988 | 3116 | 3127 | 3145 | 3163 | 3190 | 3191 | 3206 | 3247 | 3285 | 3296 | 3431 | 3435 | 3605 | 3606 | 3607 | 3682 | 3683 | 3684 | 3686 | 3820 | 3821 | 3822 | 4150 | 4210 | 4315 | 4401 | 4447 | 4482 | 4483 | 4601 | 4624 | 4649 | 4660 | 4763 | 4881 | 4925 | 4959
산운마을14단지(경남아너스빌),경기도 성남시 분당구 판교원로82번길 60,경기도 성남시 분당구 운중동,916,101.14 | 101.25 | 115.33 | 115.39 | 115.44 | 115.5 | 115.53 | 122.63 | 150.21 | 184.8,2 | 59 | 153 | 417 | 618 | 652 | 741 | 742 | 1013 | 1185 | 1735 | 2143 | 2264 | 2724 | 2794 | 2795 | 2810 | 2965 | 2989 | 3121 | 3148 | 3154 | 3209 | 3248 | 3305 | 3445 | 3459 | 3604 | 3676 | 3900 | 4090 | 4528
산운마을4단지(리가),경기도 성남시 분당구 판교원로 7,경기도 성남시 분당구 운중동,899,84.8501 | 84.8536,653 | 1228 | 2027 | 2300 | 2512 | 2860 | 4909
산운마을5단지(한성필하우스),경기도 성남시 분당구 산운로 97,경기도 성남시 분당구 운중동,989,84.6283 | 84.8055 | 84.8205,160 | 2863 | 2986 | 2987 | 3073 | 3107 | 3189 | 3895 | 4659 | 4728
산운마을6단지(신동아파밀리에),경기도 성남시 분당구 산운로 121,경기도 성남시 분당구 운중동,988,101.06 | 101.12 | 101.2 | 118.64,70 | 181 | 1736 | 2076 | 2474 | 2603 | 2621 | 2726 | 4089 | 4381
산운마을8단지(부영사랑으로),경기도 성남시 분당구 산운로 98,경기도 성남시 분당구 운중동,956,59.524 | 59.612 | 59.679 | 81.019,302 | 651 | 970 | 2525 | 2556 | 2557 | 2622 | 2635 | 2725 | 3207 | 3320 | 3423 | 3547 | 3608 | 3824 | 3930 | 3931 | 4151 | 4211 | 4622 | 4623 | 4771 | 4879
산운마을9단지(대방노블랜드),경기도 성남시 분당구 산운로 126,경기도 성남시 분당구 운중동,958,59.93 | 84.99,460 | 817 | 1041 | 1234 | 1546 | 2320 | 2861 | 3131 | 3819 | 3823 | 3929 | 4187 | 4693 | 4694 | 4714 | 4748 | 4761 | 4762 | 4772 | 4773 | 4792 | 4793 | 4799 | 4809 | 4813 | 4864
삼성아데나루체,경기도 성남시 분당구 정자일로 120,경기도 성남시 분당구 정자동,170-1,84.96 | 127.75 | 153.05 | 153.25 | 153.3,612 | 757 | 1244 | 1246 | 2910 | 3950 | 4871
상록마을(라이프1차),경기도 성남시 분당구 정자로 56,경기도 성남시 분당구 정자동,124,101.76 | 128.7 | 159.26,248 | 567 | 684 | 2800 | 3111 | 3276 | 3603 | 3654 | 4030
상록마을(라이프2차),경기도 성남시 분당구 정자로76번길 10,경기도 성남시 분당구 정자동,125,49.14 | 84.78,230 | 611 | 932 | 1194 | 4338 | 4339
상록마을(보성),경기도 성남시 분당구 정자일로 80,경기도 성남시 분당구 정자동,181,48.84 | 67.435 | 84.97,676 | 680 | 708 | 892 | 2066 | 3101 | 3741 | 3952 | 4304 | 4746
상록마을(우성)1,경기도 성남시 분당구 내정로 55,경기도 성남시 분당구 정자동,121,55.14 | 57.27 | 69.12 | 84.97 | 101.98 | 129.72 | 162.57,396 | 474 | 520 | 531 | 911 | 913 | 949 | 953 | 965 | 1156 | 1391 | 1557 | 1670 | 1821 | 1873 | 1920 | 2107 | 2145 | 2526 | 2804 | 2911 | 2914 | 2919 | 3022 | 3061 | 3069 | 3332 | 3345 | 3382 | 3497 | 3874 | 4099 | 4100 | 4153 | 4154 | 4220 | 4291 | 4433 | 4578 | 4580 | 4605 | 4842 | 4895 | 4960
상록마을(임광),경기도 성남시 분당구 정자일로 80,경기도 성남시 분당구 정자동,181,48.84 | 67.435 | 84.97,552 | 677 | 707 | 1087 | 1442 | 1648 | 3416 | 4332 | 4525 | 4526 | 4782 | 4943
샛별마을(동성),경기도 성남시 분당구 분당로 212,경기도 성남시 분당구 분당동,35,59.4 | 69.39 | 84.82 | 101.88 | 133.65,188 | 315 | 449 | 503 | 594 | 642 | 674 | 882 | 899 | 985 | 986 | 1036 | 1430 | 1438 | 1581 | 1679 | 1692 | 1694 | 1883 | 1904 | 1976 | 2141 | 2208 | 2212 | 2261 | 2594 | 2949 | 2950 | 2976 | 3842 | 4049 | 4234 | 4235 | 4609
샛별마을(라이프),경기도 성남시 분당구 분당로 190,경기도 성남시 분당구 분당동,34,58.17 | 78.52 | 84.99 | 85 | 89.8 | 126.415,161 | 361 | 405 | 435 | 634 | 746 | 852 | 1000 | 1049 | 1167 | 1531 | 1552 | 1630 | 1680 | 1693 | 1882 | 1971 | 2009 | 2161 | 2239 | 2338 | 2426 | 2727 | 2951 | 3094 | 3322 | 3616 | 3728 | 3761 | 3762 | 3853 | 3918 | 3972 | 4061 | 4555 | 4688
샛별마을(삼부),경기도 성남시 분당구 수내로 201,경기도 성남시 분당구 분당동,39,59.82 | 69.96 | 84.6 | 128.09,90 | 285 | 644 | 809 | 1078 | 1224 | 1631 | 1758 | 1977 | 2189 | 2289 | 2321 | 2332 | 2528 | 2728 | 2967 | 3052 | 3152 | 3556 | 3759 | 4036 | 4276 | 4277 | 4690 | 4877
샛별마을(우방),경기도 성남시 분당구 수내로 181,경기도 성남시 분당구 분당동,38,57.28 | 72.32 | 84.99 | 101.96 | 133.86 | 185.62,112 | 165 | 216 | 593 | 643 | 747 | 816 | 919 | 937 | 1101 | 1424 | 1471 | 1496 | 1511 | 1604 | 1621 | 1627 | 1776 | 1997 | 2008 | 2155 | 2278 | 2651 | 2793 | 2947 | 2973 | 3051 | 3181 | 3526 | 3557 | 3727 | 3760 | 4331 | 4552 | 4553 | 4554 | 4582 | 4767 | 4768 | 4797 | 4887 | 4914
성원상떼뷰201동,경기도 성남시 분당구 정자일로213번길 18,경기도 성남시 분당구 정자동,12-2,144.56,3063
시범삼성,경기도 성남시 분당구 중앙공원로 53,경기도 성남시 분당구 서현동,87,59.995 | 84.69 | 133.295 | 192.15,167 | 273 | 370 | 371 | 879 | 1164 | 1298 | 1382 | 1579 | 2215 | 2430 | 2777 | 2848 | 3223 | 3265 | 3311 | 3350 | 3455 | 3477 | 3550 | 3618 | 4255 | 4618
시범우성,경기도 성남시 분당구 중앙공원로 54,경기도 성남시 분당구 서현동,96,45.99 | 59.73 | 59.76 | 64.8 | 75.9 | 84.6 | 84.88 | 129.21 | 132.6 | 134.04 | 164.4 | 193.99,21 | 81 | 144 | 148 | 168 | 210 | 373 | 374 | 425 | 504 | 530 | 561 | 583 | 731 | 774 | 780 | 814 | 920 | 992 | 1044 | 1057 | 1058 | 1092 | 1093 | 1095 | 1206 | 1221 | 1230 | 1256 | 1278 | 1283 | 1296 | 1307 | 1315 | 1346 | 1348 | 1381 | 1517 | 1524 | 1561 | 1577 | 1578 | 1674 | 1713 | 1780 | 1826 | 1902 | 1947 | 2006 | 2007 | 2047 | 2075 | 2097 | 2108 | 2233 | 2279 | 2311 | 2328 | 2329 | 2420 | 2477 | 2535 | 2600 | 2683 | 2685 | 2686 | 2743 | 2745 | 2746 | 2840 | 2878 | 2886 | 3031 | 3133 | 3147 | 3264 | 3315 | 3456 | 3457 | 3688 | 3690 | 3961 | 4063 | 4065 | 4159 | 4698 | 4713 | 4964
시범한신,경기도 성남시 분당구 중앙공원로 53,경기도 성남시 분당구 서현동,87,59.995 | 84.69 | 133.295,56 | 64 | 146 | 152 | 198 | 268 | 313 | 441 | 562 | 744 | 1023 | 1109 | 1204 | 1220 | 1324 | 1506 | 1814 | 1903 | 2005 | 2137 | 2331 | 2425 | 2445 | 2448 | 2881 | 2884 | 2885 | 3034 | 3098 | 3142 | 3218 | 3221 | 3233 | 3266 | 3352 | 3474 | 3479 | 3617 | 3732 | 3780 | 3987
시범한양,경기도 성남시 분당구 중앙공원로 17,경기도 성남시 분당구 서현동,91,28.71 | 35.1 | 59.13 | 59.37 | 84.93 | 84.99 | 101.66 | 134.87 | 148.94 | 164.18 | 220.83,279 | 309 | 314 | 339 | 372 | 375 | 513 | 563 | 564 | 586 | 597 | 616 | 617 | 625 | 663 | 665 | 723 | 732 | 734 | 772 | 804 | 866 | 867 | 868 | 884 | 922 | 993 | 994 | 1021 | 1055 | 1132 | 1140 | 1141 | 1155 | 1165 | 1203 | 1205 | 1251 | 1260 | 1276 | 1282 | 1297 | 1360 | 1400 | 1437 | 1479 | 1480 | 1575 | 1592 | 1601 | 1699 | 1721 | 1722 | 1759 | 1772 | 1804 | 2054 | 2055 | 2099 | 2152 | 2154 | 2214 | 2251 | 2263 | 2295 | 2371 | 2372 | 2384 | 2399 | 2424 | 2439 | 2440 | 2744 | 2775 | 2836 | 2837 | 2888 | 2974 | 3025 | 3029 | 3187 | 3219 | 3224 | 3232 | 3348 | 3349 | 3353 | 3387 | 3394 | 3395 | 3415 | 3475 | 3478 | 3480 | 3551 | 3614 | 3619 | 3636 | 3637 | 3726 | 3753 | 3826 | 3827 | 3881 | 3989 | 4064 | 4066 | 4114 | 4125 | 4134 | 4160 | 4161 | 4190 | 4192 | 4231 | 4256 | 4333 | 4334 | 4337 | 4351 | 4383 | 4384 | 4414 | 4440 | 4506 | 4558 | 4581 | 4607 | 4616 | 4627 | 4641 | 4669 | 4729 | 4874
시범현대,경기도 성남시 분당구 중앙공원로 20,경기도 성남시 분당구 서현동,92,49.41 | 59.55 | 84.57 | 84.95 | 108.75 | 129.56 | 129.73 | 164.04 | 186.24 | 189.63 | 193.44,22 | 40 | 88 | 125 | 142 | 145 | 269 | 338 | 376 | 407 | 505 | 507 | 626 | 664 | 733 | 800 | 854 | 928 | 957 | 958 | 959 | 1111 | 1152 | 1157 | 1168 | 1172 | 1199 | 1290 | 1364 | 1401 | 1402 | 1464 | 1465 | 1492 | 1526 | 1807 | 1884 | 1901 | 1918 | 1968 | 2098 | 2100 | 2127 | 2252 | 2383 | 2407 | 2554 | 2646 | 2776 | 2838 | 2879 | 2882 | 2883 | 2887 | 3001 | 3030 | 3035 | 3041 | 3042 | 3068 | 3100 | 3114 | 3186 | 3263 | 3312 | 3351 | 3392 | 3393 | 3896 | 3897 | 3960 | 4068 | 4162 | 4182 | 4193 | 4503 | 4823 | 4893
아데나팰리스,경기도 성남시 분당구 성남대로 275,경기도 성남시 분당구 정자동,169-1,139.13 | 164.03,568 | 2640 | 3598 | 3871
아름마을(건영),경기도 성남시 분당구 판교로 430,경기도 성남시 분당구 이매동,132,101.85 | 133.89 | 163.44,15 | 221 | 603 | 944 | 1322 | 1411 | 1473 | 1615 | 1761 | 1865 | 2119 | 2218 | 2249 | 2522 | 2872 | 2961 | 3297 | 3411 | 3412 | 3635 | 3885 | 4129 | 4166 | 4214 | 4311 | 4424 | 4456 | 4689
아름마을(두산),경기도 성남시 분당구 탄천로 95,경기도 성남시 분당구 이매동,133,59.79 | 84.84 | 101.82 | 132.72 | 158.4,803 | 945 | 1022 | 1089 | 1191 | 1342 | 1520 | 2248 | 2489 | 2667 | 2708 | 2811 | 3302 | 3564 | 3713 | 3815 | 3817 | 3982 | 4026 | 4078 | 4213 | 4904
아름마을(삼호),경기도 성남시 분당구 탄천로 95,경기도 성남시 분당구 이매동,133,59.79 | 84.84 | 101.82 | 132.72 | 158.4,127 | 673 | 768 | 845 | 855 | 956 | 1288 | 1782 | 1827 | 2014 | 2156 | 2160 | 2812 | 2959 | 3089 | 3168 | 3904 | 4074 | 4077 | 4266 | 4312 | 4313 | 4676 | 4787 | 4810 | 4917 | 4957
아름마을(선경),경기도 성남시 분당구 이매로 11,경기도 성남시 분당구 이매동,142,41.76 | 83.58,281 | 282 | 308 | 481 | 535 | 1171 | 1273 | 2709 | 3149 | 3410 | 3430 | 4511 | 4841
아름마을(태영),경기도 성남시 분당구 판교로 430,경기도 성남시 분당구 이매동,132,101.85 | 134.79 | 164.67,1428 | 2079 | 2444 | 2475 | 2814 | 3301 | 3414 | 4079 | 4261 | 4586 | 4587 | 4947
아름마을(풍림),경기도 성남시 분당구 탄천로 35 | 경기도 성남시 분당구 탄천로 59,경기도 성남시 분당구 이매동,140,59.55 | 75.15 | 101.97 | 134.22 | 163.62,163 | 739 | 782 | 1189 | 1436 | 1510 | 1608 | 2664 | 2670 | 2714 | 2761 | 2813 | 3090 | 3691 | 4121 | 4354 | 4509 | 4657 | 4677 | 4801 | 4924
아름마을(한성),경기도 성남시 분당구 판교로 430,경기도 성남시 분당구 이매동,132,59.46 | 83.64 | 84.89,779 | 2176 | 2227 | 2707 | 2710 | 2712 | 3816 | 4050
아름마을(효성),경기도 성남시 분당구 이매로 16,경기도 성남시 분당구 이매동,143,101.76 | 130.35 | 163.95,114 | 126 | 280 | 1760 | 3963 | 4115 | 4896 | 4941 | 4965 | 4966
야탑진흥더블파크,경기도 성남시 분당구 야탑로 162,경기도 성남시 분당구 야탑동,519,84.93,865 | 4029 | 4821
양지마을(2단지)(청구),경기도 성남시 분당구 내정로 185,경기도 성남시 분당구 수내동,36,84.6 | 84.99 | 134.8 | 173.965,329 | 925 | 1180 | 1320 | 1361 | 1454 | 1590 | 1778 | 1983 | 2104 | 2957 | 3304 | 3721 | 3978 | 4004 | 4005 | 4169 | 4565 | 4884
양지마을(3단지)(금호),경기도 성남시 분당구 내정로 151,경기도 성남시 분당구 수내동,27,101.91 | 134.48 | 192.125,54 | 261 | 264 | 297 | 587 | 704 | 924 | 1293 | 1303 | 1620 | 1796 | 2003 | 2287 | 2688 | 2770 | 2875 | 3229 | 3463 | 4006 | 4560
양지마을(5단지)(한양501-514),경기도 성남시 분당구 내정로165번길 35,경기도 성남시 분당구 수내동,24,28.16 | 35.1 | 42.56 | 48.51,1 | 5 | 24 | 32 | 45 | 63 | 82 | 94 | 99 | 105 | 107 | 115 | 154 | 176 | 183 | 259 | 263 | 296 | 301 | 319 | 345 | 391 | 496 | 577 | 705 | 785 | 825 | 829 | 831 | 869 | 870 | 890 | 941 | 943 | 972 | 975 | 989 | 990 | 1039 | 1068 | 1112 | 1117 | 1118 | 1119 | 1149 | 1151 | 1210 | 1223 | 1236 | 1270 | 1326 | 1327 | 1345 | 1362 | 1363 | 1388 | 1410 | 1439 | 1459 | 1482 | 1486 | 1489 | 1505 | 1515 | 1528 | 1550 | 1574 | 1597 | 1625 | 1659 | 1660 | 1747 | 1748 | 1770 | 1812 | 1818 | 1859 | 1885 | 2024 | 2067 | 2083 | 2084 | 2102 | 2103 | 2157 | 2158 | 2162 | 2192 | 2210 | 2234 | 2262 | 2288 | 2348 | 2361 | 2418 | 2457 | 2461 | 2471 | 2674 | 2676 | 2689 | 2769 | 2771 | 2772 | 2841 | 3044 | 3177 | 3230 | 3235 | 3236 | 3405 | 3442 | 3600 | 3674 | 3720 | 3722 | 3734 | 3736 | 3887 | 4091 | 4390 | 4464 | 4645 | 4691 | 4751 | 4752 | 4753 | 4803 | 4804 | 4883 | 4897 | 4905 | 4945 | 4955
양지마을(5단지)(한양515-529),경기도 성남시 분당구 내정로165번길 35 | 경기도 성남시 분당구 내정로 151,경기도 성남시 분당구 수내동,24,79.05 | 84.9 | 101.93 | 134.55 | 164.4 | 200.61,31 | 48 | 58 | 175 | 299 | 389 | 519 | 572 | 976 | 1008 | 1045 | 1150 | 1173 | 1178 | 1384 | 1589 | 1811 | 1850 | 2029 | 2191 | 3123 | 3381 | 3443 | 3733 | 3794 | 3798 | 3933 | 3934 | 3977 | 4207 | 4600 | 4631 | 4682 | 4720 | 4970
"양지마을(6단지)(금호,청구)",경기도 성남시 분당구 내정로165번길 38,경기도 성남시 분당구 수내동,32,55.44 | 59.625 | 59.94 | 65.093,260 | 502 | 832 | 1040 | 1127 | 1179 | 1269 | 1558 | 1559 | 1572 | 1896 | 2015 | 2165 | 2687 | 3888 | 4930
양지마을(6단지)(한양603동),경기도 성남시 분당구 내정로173번길 11,경기도 성남시 분당구 수내동,29,59.4 | 59.76,14 | 753 | 874 | 877 | 1335 | 1390 | 1652 | 1765 | 1773 | 1774 | 2286 | 2396 | 2429 | 2469 | 2610 | 4817
양지마을(금호1),경기도 성남시 분당구 수내로 74,경기도 성남시 분당구 수내동,34,84.9 | 133.82 | 164.25 | 193.85 | 198.45,162 | 300 | 469 | 486 | 622 | 873 | 891 | 999 | 1050 | 1113 | 1148 | 1200 | 1591 | 1626 | 1697 | 1711 | 1967 | 1984 | 2044 | 2178 | 2315 | 2325 | 2436 | 2627 | 2690 | 2889 | 3096 | 3719 | 3751 | 3792 | 3793 | 3909 | 3910 | 3966 | 4092 | 4117 | 4180 | 4183 | 4280 | 4681 | 4873 | 4918 | 4958
이매촌(금강),경기도 성남시 분당구 서현로 177,경기도 성남시 분당구 이매동,122,50.82 | 84.42 | 99.17,349 | 533 | 581 | 699 | 706 | 846 | 1232 | 1669 | 1681 | 1934 | 1936 | 1973 | 2080 | 2283 | 2563 | 2818 | 3300 | 3509 | 3511 | 3818 | 4407
이매촌(동부코오롱),경기도 성남시 분당구 양현로 88,경기도 성남시 분당구 이매동,121,101.41 | 123.48 | 163.83,991 | 2958 | 2960 | 4857
이매촌(동신3),경기도 성남시 분당구 양현로94번길 28,경기도 성남시 분당구 이매동,117,59.49 | 84.6 | 101.79 | 117.12,98 | 1585 | 2394 | 2465 | 2467 | 3902 | 4352 | 4935 | 4946
이매촌(동신9),경기도 성남시 분당구 양현로166번길 20,경기도 성남시 분당구 이매동,110,59.49 | 84.6 | 101.79 | 117.12 | 134.88,113 | 360 | 1046 | 1289 | 2466 | 2666 | 2668 | 3253 | 3886 | 4019 | 4024 | 4249 | 4262 | 4408
이매촌(삼성),경기도 성남시 분당구 양현로 192 | 경기도 성남시 분당구 양현로 220,경기도 성남시 분당구 이매동,100,59.535 | 73.25 | 84.94 | 101.91 | 127.83 | 174.67,141 | 177 | 207 | 457 | 536 | 556 | 604 | 1100 | 1133 | 1463 | 1519 | 1521 | 1781 | 2101 | 2169 | 2194 | 2196 | 2241 | 2290 | 2291 | 2333 | 2381 | 2478 | 2962 | 3091 | 3167 | 3361 | 3362 | 3363 | 3621 | 3712 | 3903 | 4167 | 4168 | 4177 | 4349 | 4382 | 4603 | 4634 | 4765 | 4855 | 4875
이매촌(삼환),경기도 성남시 분당구 양현로 220,경기도 성남시 분당구 이매동,99,59.87 | 84.93 | 101.9 | 116.82 | 132.37,8 | 66 | 222 | 659 | 955 | 1961 | 3303 | 3814 | 3983 | 4020 | 4025 | 4027 | 4250 | 4936
이매촌(성지),경기도 성남시 분당구 이매로 54,경기도 성남시 분당구 이매동,116,84.9 | 101.91,337 | 3092 | 3093 | 3129 | 4265 | 4856
이매촌(진흥),경기도 성남시 분당구 양현로 138,경기도 성남시 분당구 이매동,111,59.58 | 84.63 | 101.89 | 134.91,65 | 137 | 317 | 330 | 555 | 767 | 1024 | 1134 | 1190 | 1374 | 1397 | 1556 | 1636 | 1638 | 1647 | 2393 | 2871 | 3299 | 3566 | 3711 | 3755 | 3868 | 3883 | 3947 | 4133 | 4215 | 4260 | 4325 | 4445 | 4446
이매촌(청구),경기도 성남시 분당구 양현로94번길 29,경기도 성남시 분당구 이매동,123,59.92 | 84.99 | 101.89 | 133.15 | 194.98,34 | 307 | 559 | 730 | 1090 | 1175 | 1338 | 1514 | 1516 | 1743 | 1854 | 2284 | 2713 | 3166 | 3364 | 3425 | 3428 | 3429 | 3643 | 3864 | 4165 | 4176 | 4510 | 4518
이매촌(한신),경기도 성남시 분당구 서현로 181,경기도 성남시 분당구 이매동,124,50.1 | 66.27 | 84.9,67 | 178 | 179 | 180 | 534 | 621 | 660 | 672 | 698 | 710 | 724 | 906 | 1261 | 1383 | 1387 | 1396 | 1624 | 1691 | 1866 | 1951 | 2144 | 2209 | 2217 | 2443 | 2485 | 2488 | 2564 | 2602 | 2612 | 2665 | 2711 | 2760 | 2815 | 2819 | 3252 | 3360 | 3413 | 3510 | 3563 | 3565 | 3863 | 3884 | 3945 | 3946 | 4075 | 4076 | 4126 | 4345 | 4423 | 4640 | 4910
장미마을(동부),경기도 성남시 분당구 장미로 55,경기도 성남시 분당구 야탑동,330,59.76 | 70.56 | 84.99 | 131.73,23 | 129 | 190 | 416 | 508 | 574 | 670 | 765 | 1122 | 1162 | 1212 | 1213 | 1785 | 1963 | 1974 | 2259 | 2480 | 2516 | 2636 | 2704 | 2762 | 2869 | 3078 | 3151 | 3493 | 3515 | 3525 | 3533 | 3572 | 3645 | 3766 | 3942 | 4145 | 4279 | 4300 | 4314 | 4360 | 4361 | 4485
장미마을(코오롱)1,경기도 성남시 분당구 장미로 55,경기도 성남시 분당구 야탑동,330,59.55 | 74.14 | 84.6 | 101.94 | 134.22,512 | 620 | 702 | 934 | 951 | 1004 | 1906 | 1928 | 2050 | 2336 | 2341 | 2417 | 2500 | 2705 | 3134 | 3274 | 3370 | 3371 | 3524 | 3568 | 3705 | 3770 | 3852 | 3975 | 4326 | 4457 | 4475 | 4492 | 4715
장미마을(현대),경기도 성남시 분당구 장미로 101,경기도 성남시 분당구 야탑동,334,41.76 | 59.4 | 74.61 | 75.188 | 84.79 | 84.97 | 101.99 | 133.448,9 | 53 | 77 | 89 | 130 | 155 | 173 | 196 | 357 | 403 | 442 | 471 | 542 | 762 | 764 | 903 | 952 | 968 | 1032 | 1037 | 1056 | 1137 | 1138 | 1139 | 1170 | 1182 | 1217 | 1254 | 1255 | 1267 | 1300 | 1462 | 1490 | 1498 | 1547 | 1567 | 1588 | 1651 | 1749 | 1777 | 1779 | 1809 | 1867 | 1888 | 2019 | 2115 | 2125 | 2228 | 2362 | 2433 | 2482 | 2493 | 2508 | 2561 | 2570 | 2694 | 2697 | 2763 | 2817 | 2868 | 3032 | 3169 | 3241 | 3246 | 3374 | 3377 | 3390 | 3404 | 3462 | 3570 | 3644 | 3704 | 3707 | 3769 | 3851 | 3899 | 3906 | 3916 | 3922 | 3948 | 3949 | 3962 | 3973 | 3985 | 4101 | 4195 | 4196 | 4236 | 4238 | 4309 | 4317 | 4348 | 4410 | 4449 | 4490 | 4573 | 4574 | 4583 | 4702 | 4780 | 4808 | 4812 | 4815 | 4833 | 4847 | 4956
장안타운(건영),경기도 성남시 분당구 장안로 15 | 경기도 성남시 분당구 장안로25번길 28 | 경기도 성남시 분당구 분당로263번길 24 | 경기도 성남시 분당구 장안로51번길 11 | 경기도 성남시 분당구 장안로41번길 13 | 경기도 성남시 분당구 장안로51번길 31,경기도 성남시 분당구 분당동,66,53.72 | 67.73 | 70.68 | 85 | 131.55 | 131.76 | 162.85,6 | 19 | 111 | 135 | 136 | 286 | 334 | 434 | 487 | 488 | 553 | 745 | 808 | 908 | 995 | 1079 | 1142 | 1145 | 1166 | 1368 | 1460 | 1618 | 1769 | 1953 | 2042 | 2113 | 2134 | 2170 | 2266 | 2335 | 2468 | 2498 | 2595 | 2607 | 2620 | 2791 | 2792 | 2824 | 2945 | 2946 | 2948 | 3117 | 3125 | 3157 | 3225 | 3226 | 3227 | 3228 | 3321 | 3347 | 3555 | 3680 | 3729 | 3746 | 3756 | 3988 | 4060 | 4062 | 4136 | 4146 | 4233 | 4247 | 4274 | 4275 | 4296 | 4297 | 4363 | 4429 | 4477 | 4537 | 4538 | 4544 | 4774 | 4777 | 4794 | 4818 | 4840 | 4915 | 4962
정든마을(1단지)(동아),경기도 성남시 분당구 불정로 141,경기도 성남시 분당구 정자동,200,101.99 | 124.26 | 154.89 | 164.77,933 | 1853 | 2282 | 2541 | 2900 | 3283 | 3383 | 3496 | 3502 | 3790 | 4219 | 4664
정든마을(2단지)(동아),경기도 성남시 분당구 불정로 179,경기도 성남시 분당구 정자동,198,48.84 | 69.055 | 84.97,283 | 292 | 478 | 610 | 805 | 914 | 930 | 1700 | 1817 | 1872 | 1999 | 2002 | 2051 | 2506 | 2507 | 2590 | 2809 | 3007 | 3060 | 3255 | 3275 | 3576 | 3610 | 3649 | 3656 | 3889 | 3890 | 3940 | 3980 | 4096 | 4369 | 4371 | 4388 | 4399 | 4431 | 4502 | 4549 | 4577 | 4584 | 4684 | 4944
정든마을(4단지)(우성),경기도 성남시 분당구 정자로 144,경기도 성남시 분당구 정자동,197,101.98 | 129.72 | 162.57,1207 | 1457 | 1870 | 3336 | 4318 | 4501 | 4742 | 4940
정든마을(5단지)(신화),경기도 성남시 분당구 정자로 112,경기도 성남시 분당구 정자동,192,52.44 | 69.93 | 84.93 | 101.82 | 115.77 | 134.31 | 163.55,68 | 679 | 681 | 806 | 840 | 1501 | 1791 | 1868 | 2405 | 2409 | 2456 | 2505 | 2565 | 2802 | 3014 | 3504 | 3573 | 3694 | 3991 | 4201 | 4224 | 4346 | 4411 | 4685 | 4687 | 4719
정든마을(6단지)(우성),경기도 성남시 분당구 불정로 195,경기도 성남시 분당구 정자동,198,48.84 | 69.055 | 84.97,287 | 409 | 1027 | 1031 | 1763 | 1871 | 1905 | 2128 | 2388 | 2422 | 2438 | 2591 | 2803 | 2821 | 2898 | 2905 | 3009 | 3070 | 3172 | 3173 | 3282 | 3284 | 3507 | 3577 | 3584 | 3739 | 3749 | 3808 | 3981 | 4041 | 4229 | 4252 | 4253 | 4287 | 4302 | 4453 | 4478 | 4479 | 4541 | 4604 | 4717 | 4718 | 4885 | 4886
정든마을(6단지)(한진),경기도 성남시 분당구 내정로 24,경기도 성남시 분당구 정자동,191,99.6 | 112.2 | 134.97,400 | 415 | 3174 | 3812 | 4289
정든마을(7단지)(한진),경기도 성남시 분당구 내정로 10,경기도 성남시 분당구 정자동,194,49.5 | 68.04 | 84.69,1014 | 1857 | 2267 | 2527 | 2534 | 2558 | 2560 | 2575 | 2909 | 3062 | 3613 | 3908 | 4087
정든마을(8단지)(한진),경기도 성남시 분당구 불정로 119,경기도 성남시 분당구 정자동,192,49.5 | 68.04 | 84.69 | 99.6 | 112.2 | 134.97,355 | 609 | 1240 | 1248 | 1563 | 1571 | 2223 | 2662 | 2719 | 3590 | 3787 | 4152 | 4226 | 4324 | 4330 | 4452 | 4708 | 4709 | 4867
청솔마을(계룡),경기도 성남시 분당구 정자일로 30,경기도 성남시 분당구 금곡동,176,55.44 | 84.97,108 | 213 | 249 | 428 | 454 | 549 | 648 | 690 | 844 | 1177 | 1279 | 1280 | 1318 | 1334 | 1370 | 1440 | 1483 | 1484 | 1538 | 1587 | 1623 | 1837 | 1981 | 2359 | 2366 | 2400 | 2756 | 2768 | 3298 | 4072 | 4141 | 4191 | 4243 | 4263 | 4264 | 4625
청솔마을(공무원),경기도 성남시 분당구 금곡로 263,경기도 성남시 분당구 금곡동,125,58.19 | 58.71 | 67.43,13 | 688 | 752 | 792 | 1310 | 1500 | 1956 | 1993 | 2755 | 3085 | 3667 | 4179 | 4418
청솔마을(대원),경기도 성남시 분당구 미금로 215,경기도 성남시 분당구 금곡동,141,50.4 | 84.97 | 101.67 | 129.45,686 | 775 | 843 | 1144 | 1452 | 1676 | 1677 | 1742 | 1775 | 1982 | 2037 | 2476 | 2519 | 3436 | 3850 | 4053 | 4054 | 4055 | 4310 | 4463 | 4734 | 4735
청솔마을(동아),경기도 성남시 분당구 금곡로 233,경기도 성남시 분당구 금곡동,132,135,1371
청솔마을(서광),경기도 성남시 분당구 성남대로171번길 8,경기도 성남시 분당구 금곡동,177,53.6 | 70.01 | 84.96,150 | 589 | 1020 | 1135 | 1281 | 1861 | 2843 | 3132 | 3143 | 4320
청솔마을(성원),경기도 성남시 분당구 미금로 251,경기도 성남시 분당구 금곡동,143,101.88 | 110.97 | 134.67,211 | 528 | 2109 | 2568 | 3159 | 3162 | 4651
청솔마을(영남),경기도 성남시 분당구 성남대로171번길 8,경기도 성남시 분당구 금곡동,177,53.6 | 70.01 | 84.96,815 | 1136 | 1265 | 1753 | 1838 | 2257 | 2752 | 2757 | 4365
청솔마을(유천),경기도 성남시 분당구 정자일로 46,경기도 성남시 분당구 금곡동,180,40.5 | 84.6,298 | 412 | 638 | 687 | 689 | 860 | 861 | 1325 | 1795 | 2275 | 2276 | 2304 | 2367 | 2413 | 2592 | 3521 | 3581 | 3591 | 3776 | 3893 | 4002 | 4128 | 4199 | 4242 | 4373 | 4670 | 4749 | 4811 | 4844 | 4923
청솔마을(주공9단지),경기도 성남시 분당구 미금로 216,경기도 성남시 분당구 금곡동,133,36.54 | 42.84,35 | 36 | 55 | 96 | 149 | 212 | 250 | 251 | 252 | 377 | 455 | 458 | 497 | 498 | 550 | 619 | 750 | 751 | 769 | 773 | 791 | 921 | 950 | 984 | 1073 | 1076 | 1108 | 1131 | 1153 | 1154 | 1237 | 1316 | 1317 | 1357 | 1367 | 1372 | 1385 | 1407 | 1408 | 1409 | 1429 | 1493 | 1532 | 1698 | 1752 | 1792 | 1802 | 2022 | 2235 | 2238 | 2410 | 2529 | 2680 | 2681 | 2753 | 2865 | 2969 | 2970 | 2980 | 3083 | 3084 | 3115 | 3130 | 3257 | 3438 | 3512 | 3580 | 3582 | 3777 | 3779 | 3892 | 3925 | 3926 | 3927 | 3999 | 4001 | 4071 | 4140 | 4374 | 4508 | 4614 | 4620 | 4650 | 4652 | 4667 | 4673 | 4680 | 4692 | 4745 | 4831 | 4838
청솔마을(한라),경기도 성남시 분당구 정자일로 72,경기도 성남시 분당구 금곡동,181,58.8 | 69.12 | 84.39,195 | 529 | 735 | 1035 | 1043 | 1074 | 1075 | 1159 | 1239 | 1495 | 1717 | 1726 | 1852 | 1945 | 1964 | 2112 | 2173 | 2181 | 2754 | 3144 | 3666 | 3698 | 3699 | 3778 | 3998 | 4178 | 4181 | 4533 | 4653 | 4731 | 4743 | 4750 | 4822 | 4906 | 4932
코오롱더프라우,경기도 성남시 분당구 정자일로 27,경기도 성남시 분당구 금곡동,201,84.991 | 153.948 | 172.094,590 | 789 | 1794 | 2091 | 2138 | 2479 | 2844 | 3158 | 4902
탑마을(경남)1,경기도 성남시 분당구 판교로 519,경기도 성남시 분당구 야탑동,525,59.91 | 69.87 | 84.91 | 101.97 | 114.93 | 134.79,49 | 543 | 557 | 935 | 1081 | 1880 | 1886 | 1887 | 1911 | 2187 | 2546 | 2549 | 3269 | 3403 | 3706 | 3709 | 3941 | 4021 | 4022 | 4103 | 4157 | 4237 | 4395 | 4426 | 4489 | 4675
탑마을(경향),경기도 성남시 분당구 양현로 272,경기도 성남시 분당구 야탑동,510,101.91 | 131.4,1449 | 2171
탑마을(기산)1,경기도 성남시 분당구 양현로 272,경기도 성남시 분당구 야탑동,511,101.91 | 131.4,92 | 424 | 725 | 1443 | 1509 | 2623 | 3539 | 4278 | 4343 | 4926
탑마을(대우),경기도 성남시 분당구 판교로 421,경기도 성남시 분당구 야탑동,535,101.76 | 134.31 | 163.89 | 190.35,122 | 245 | 266 | 646 | 1051 | 1271 | 1330 | 1707 | 2129 | 2149 | 2952 | 3597 | 4102 | 4108 | 4340 | 4521 | 4859 | 4891
탑마을(벽산),경기도 성남시 분당구 야탑로 124,경기도 성남시 분당구 야탑동,517,59.91 | 69.87 | 84.91 | 101.97 | 114.93 | 134.79,128 | 170 | 447 | 1003 | 1121 | 1176 | 1497 | 1536 | 1605 | 2023 | 2146 | 2496 | 2504 | 3165 | 3365 | 3765 | 3774 | 3905 | 4015 | 4104 | 4379 | 4636 | 4860 | 4862 | 4863 | 4969
탑마을(선경)1,경기도 성남시 분당구 야탑로 20,경기도 성남시 분당구 야탑동,536,51.84 | 83.73 | 101.76 | 131.4,193 | 760 | 883 | 1038 | 1365 | 1731 | 1732 | 1933 | 2387 | 2494 | 2495 | 2608 | 2693 | 3240 | 3267 | 3306 | 3369 | 3391 | 3540 | 3764 | 3855 | 3915 | 4023 | 4105 | 4197 | 4344 | 4359 | 4443 | 4459 | 4519 | 4602 | 4628 | 4672 | 4747 | 4757 | 4963
탑마을(쌍용)1,경기도 성남시 분당구 양현로 272 | 경기도 성남시 분당구 양현로 254,경기도 성남시 분당구 야탑동,511,101.91 | 131.4,201 | 305 | 1450 | 3239
탑마을(주공),경기도 성남시 분당구 매화로 12,경기도 성남시 분당구 야탑동,518,35.28 | 36 | 41.85,87 | 191 | 256 | 323 | 369 | 558 | 615 | 630 | 717 | 727 | 864 | 1225 | 1268 | 1705 | 1954 | 2322 | 2368 | 2369 | 2408 | 2428 | 3033 | 3076 | 3366 | 3402 | 3516 | 3647 | 3681 | 3708 | 3745 | 3772 | 4016 | 4131 | 4143 | 4156 | 4307 | 4394 | 4438 | 4460 | 4727 | 4737 | 4807 | 4865
탑마을(진덕),경기도 성남시 분당구 양현로 254,경기도 성남시 분당구 야탑동,530,101.91 | 131.4,423 | 1344 | 1642 | 2846 | 2847 | 3075 | 3703 | 4758
파크뷰,경기도 성남시 분당구 정자일로 248,경기도 성남시 분당구 정자동,6,84.99 | 124.515 | 139.68 | 139.717 | 162.869 | 182.232,17 | 33 | 41 | 226 | 291 | 383 | 384 | 404 | 439 | 475 | 538 | 573 | 607 | 758 | 793 | 827 | 871 | 894 | 916 | 931 | 1018 | 1053 | 1088 | 1115 | 1183 | 1193 | 1195 | 1416 | 1447 | 1686 | 1783 | 1787 | 1875 | 2177 | 2491 | 2659 | 2660 | 2716 | 3040 | 3278 | 3281 | 3335 | 3408 | 3648 | 3660 | 3878 | 3951 | 3990 | 4200 | 4286 | 4288 | 4386 | 4535 | 4547 | 4696 | 4869 | 4872 | 4911 | 4939 | 4961
파크타운(대림),경기도 성남시 분당구 내정로 186 | 경기도 성남시 분당구 내정로166번길 7-6,경기도 성남시 분당구 수내동,51,59.32 | 101.835 | 101.91 | 131.49 | 134.413 | 134.91,262 | 318 | 388 | 468 | 569 | 696 | 788 | 1002 | 1419 | 1488 | 2130 | 2458 | 2460 | 2462 | 2677 | 2874 | 3481 | 3500 | 3599 | 3932 | 4014 | 4116 | 4174 | 4185 | 4725
파크타운(롯데),경기도 성남시 분당구 내정로 152,경기도 성남시 분당구 수내동,55,84.6 | 101.835 | 101.91 | 131.49 | 134.413 | 134.91 | 186.099,158 | 166 | 182 | 786 | 1380 | 1545 | 1900 | 2268 | 2273 | 2296 | 2298 | 2492 | 2678 | 2873 | 2921 | 2971 | 2982 | 3080 | 3176 | 3258 | 3498 | 3499 | 3535 | 3586 | 3588 | 4037 | 4112
파크타운(삼익),경기도 성남시 분당구 내정로166번길 42,경기도 성남시 분당구 수내동,54,84.6 | 101.835 | 101.91 | 131.49 | 134.413 | 186.099,1306 | 1406 | 1661 | 1733 | 2542 | 2691 | 3156 | 3585 | 3795 | 4184 | 4205 | 4281
파크타운(서안),경기도 성남시 분당구 수내로 148 | 경기도 성남시 분당구 내정로174번길 42,경기도 성남시 분당구 수내동,52,59.32 | 84.6 | 84.78 | 101.91 | 131.49 | 184.78,46 | 69 | 174 | 202 | 833 | 1001 | 1016 | 1235 | 1305 | 1399 | 1573 | 1899 | 2211 | 2578 | 2675 | 2842 | 3097 | 3517 | 3518 | 3587 | 4328
판교더샵포레스트11단지,경기도 성남시 분당구 판교대장로5길 58,경기도 성남시 분당구 대장동,638,84.9673 | 84.9852 | 84.9864 | 84.995,411 | 645 | 1125 | 1413 | 1709 | 1864 | 2483 | 2552 | 2611 | 2829 | 3293 | 3324 | 3328 | 3385 | 3723 | 3791 | 3802 | 3859 | 3924 | 4402 | 4413
판교더샵포레스트12단지,경기도 성남시 분당구 판교대장로5길 30,경기도 성남시 분당구 대장동,641,84.9852 | 84.9864 | 84.995,240 | 554 | 1126 | 1128 | 1250 | 1266 | 1576 | 1914 | 2043 | 2140 | 2265 | 2324 | 2360 | 2446 | 2582 | 2740 | 2741 | 2742 | 3326 | 3679 | 3731 | 3861 | 3923 | 4398 | 4861
판교알파리움1단지,경기도 성남시 분당구 대왕판교로606번길 10,경기도 성남시 분당구 백현동,531,96.148 | 110.255 | 123.339 | 129.253 | 129.399 | 142.013 | 203.77,293 | 316 | 394 | 1756 | 1891 | 1922 | 2253 | 2376 | 2628 | 3155 | 3399 | 3468 | 4467 | 4648 | 4828 | 4882
판교알파리움2단지,경기도 성남시 분당구 판교역로 145,경기도 성남시 분당구 백현동,530,96.815 | 110.255 | 129.253 | 129.399 | 129.477 | 142.013,169 | 410 | 525 | 632 | 721 | 797 | 818 | 830 | 918 | 1684 | 2454 | 2925 | 2985 | 3192 | 3208 | 3254 | 3307 | 3398 | 3578 | 3957 | 4135 | 4258 | 4594 | 4611 | 4820 | 4937
판교원마을11단지(힐스테이트),경기도 성남시 분당구 서판교로 147,경기도 성남시 분당구 판교동,513,101.38 | 101.46 | 101.7 | 101.76 | 115.33 | 115.87 | 118.6,234 | 359 | 413 | 668 | 881 | 1065 | 1451 | 1472 | 1537 | 2072 | 2123 | 2186 | 2222 | 2245 | 2553 | 2572 | 2573 | 2574 | 2736 | 2738 | 2943 | 3203 | 3717 | 4471 | 4532
판교원마을12단지(힐스테이트),경기도 성남시 분당구 서판교로 165,경기도 성남시 분당구 판교동,494,101.33 | 101.76 | 101.98 | 115.87 | 118.6 | 150.4 | 150.89,52 | 232 | 233 | 271 | 386 | 395 | 491 | 841 | 938 | 1398 | 2045 | 2093 | 2193 | 2319 | 2351 | 2734 | 2735 | 4011 | 4147 | 4662 | 4888
판교원마을1단지(파라곤),경기도 성남시 분당구 판교로 50,경기도 성남시 분당구 판교동,622,101.06 | 101.12 | 101.2 | 118.64 | 118.91,598 | 964 | 1373 | 1487 | 1560 | 1632 | 1816 | 2317 | 2633 | 2645 | 2739 | 2938 | 3049 | 3050 | 3109 | 3440 | 3458 | 4470 | 4472
판교원마을2단지(푸르지오),경기도 성남시 분당구 판교로 30,경기도 성남시 분당구 판교동,623,101.09 | 115.2,272 | 354 | 1831 | 1832 | 1863 | 2944 | 4744
판교원마을3단지(푸르지오),경기도 성남시 분당구 판교로 20,경기도 성남시 분당구 판교동,629,84.51 | 84.56 | 84.71 | 116.16 | 116.94,1070 | 2031 | 2538 | 2737 | 3179 | 3205 | 3439 | 3519 | 3520 | 3522 | 3935 | 4756
판교원마을5단지(푸르지오),경기도 성남시 분당구 판교원로 207,경기도 성남시 분당구 판교동,634,84.51 | 84.56 | 84.71 | 101.06 | 101.09 | 116.04,420 | 489 | 599 | 1564 | 1611 | 1923 | 1924 | 2175 | 2787 | 2941 | 2975 | 3178 | 3180 | 3289 | 3316 | 3401 | 3441 | 3465 | 3631 | 4010 | 4172 | 4912 | 4916
판교원마을6단지(판교대광로제비앙),경기도 성남시 분당구 판교원로 209,경기도 성남시 분당구 판교동,635,58.14 | 58.24 | 59.667 | 83.33,106 | 117 | 131 | 228 | 939 | 963 | 1258 | 1425 | 1598 | 1675 | 1846 | 1862 | 1979 | 1980 | 2020 | 2092 | 2481 | 2562 | 2788 | 2942 | 2996 | 3028 | 3103 | 3105 | 3288 | 3460 | 3523 | 3718 | 3799 | 3800 | 3801 | 3921 | 3936 | 4444 | 4495 | 4496 | 4898
판교원마을7단지(모아미래도),경기도 성남시 분당구 판교원로 237,경기도 성남시 분당구 판교동,637,56.555 | 56.592 | 80.21 | 81.412,340 | 492 | 667 | 712 | 996 | 1072 | 1120 | 1435 | 1740 | 2004 | 2122 | 2306 | 2616 | 2648 | 2786 | 2940 | 2995 | 3108 | 3150 | 3204 | 3317 | 3318 | 3400 | 3464 | 3848 | 4008 | 4031 | 4034 | 4230 | 4494 | 4567 | 4816
판교원마을9단지(한림풀에버),경기도 성남시 분당구 서판교로 29,경기도 성남시 분당구 판교동,585,71.8438 | 84.9505 | 84.9562 | 84.9907 | 84.9958,120 | 132 | 414 | 483 | 639 | 711 | 796 | 967 | 1071 | 1301 | 1311 | 1602 | 1728 | 1757 | 1962 | 2416 | 2939 | 3202 | 3319 | 3466 | 3592 | 3620 | 3632 | 3661 | 3662 | 3663 | 3716 | 3750 | 4497 | 4513 | 4590 | 4615 | 4663 | 4722 | 4723 | 4795 | 4839 | 4850 | 4866 | 4900
판교퍼스트힐푸르지오1단지,경기도 성남시 분당구 판교대장로7길 69,경기도 성남시 분당구 대장동,592,84.85 | 84.97 | 84.98 | 84.99,157 | 253 | 254 | 295 | 480 | 518 | 636 | 966 | 1606 | 1724 | 1925 | 2077 | 2180 | 2232 | 2380 | 2419 | 2459 | 2501 | 2785 | 2932 | 3471 | 3938 | 3997 | 4704 | 4826
판교퍼스트힐푸르지오A2,경기도 성남시 분당구 판교대장로7길 57,경기도 성남시 분당구 대장동,591,84.85 | 84.97 | 84.98 | 84.99,71 | 239 | 352 | 485 | 494 | 1272 | 1696 | 1725 | 1841 | 1842 | 1913 | 2270 | 2312 | 2374 | 2569 | 2614 | 2784 | 2994 | 3323 | 3327
판교푸르지오그랑블,경기도 성남시 분당구 동판교로 123,경기도 성남시 분당구 백현동,542,97.7136 | 103.9649 | 105.1308 | 117.5193 | 139.7268,640 | 904 | 1257 | 2038 | 2404 | 2759 | 3309 | 3448 | 3506 | 4244 | 4632
판교푸르지오월드마크,경기도 성남시 분당구 대왕판교로606번길 58,경기도 성남시 분당구 삼평동,741,127.6 | 134.33,215 | 974 | 2543 | 2891 | 3484 | 4531
판교풍경채어바니티(5단지),경기도 성남시 분당구 판교대장로5길 20,경기도 성남시 분당구 대장동,642,84.7897 | 84.9476 | 84.973,110 | 246 | 1052 | 1668 | 1723 | 1744 | 1926 | 1952 | 1966 | 2074 | 2081 | 2105 | 2246 | 2285 | 2395 | 2484 | 2544 | 2930 | 2935 | 2993 | 3086 | 3138 | 3242 | 3627 | 3995 | 3996 | 4040 | 4658 | 4740 | 4741 | 4878
판교풍경채어바니티(7단지),경기도 성남시 분당구 판교대장로 77,경기도 성남시 분당구 대장동,623,84.9418 | 84.973 | 84.9978,353 | 605 | 728 | 729 | 998 | 1096 | 1184 | 1312 | 1637 | 1639 | 1663 | 1714 | 1715 | 1734 | 1810 | 1897 | 2414 | 2441 | 2647 | 2968 | 2990 | 3087 | 3329 | 3427 | 3730 | 4142 | 4397 | 4451 | 4835 | 4928
판교호반써밋플레이스,경기도 성남시 분당구 동판교로177번길 25,경기도 성남시 분당구 삼평동,740,131.24 | 133.96,3210 | 3354 | 3356 | 4416
푸른마을(벽산),경기도 성남시 분당구 수내로 174 | 경기도 성남시 분당구 수내로 206 | 경기도 성남시 분당구 수내로192번길 25,경기도 성남시 분당구 수내동,71,59.78 | 84.72 | 101.82 | 131.4 | 176.77,227 | 578 | 635 | 1746 | 2269 | 3287 | 3294 | 3534 | 4175 | 4321 | 4461 | 4500 | 4721 | 4800
푸른마을(신성),경기도 성남시 분당구 수내로 206 | 경기도 성남시 분당구 수내로192번길 25,경기도 성남시 분당구 수내동,73,59.78 | 84.72 | 131.4,390 | 880 | 923 | 926 | 1009 | 1010 | 1431 | 1617 | 2082 | 2139 | 2230 | 2243 | 2247 | 2956 | 3752 | 3796 | 4093 | 4173 | 4380 | 4462
푸른마을(쌍용),경기도 성남시 분당구 백현로 227 | 경기도 성남시 분당구 수내로192번길 25 | 경기도 성남시 분당구 백현로 265,경기도 성남시 분당구 수내동,75,59.78 | 84.72 | 101.82 | 131.4 | 163.83 | 176.77,47 | 602 | 650 | 695 | 787 | 819 | 942 | 1069 | 1771 | 1860 | 2202 | 2229 | 2297 | 2545 | 2679 | 2692 | 2894 | 2922 | 2923 | 2966 | 3037 | 3043 | 3473 | 3501 | 3622 | 3675 | 3735 | 3797 | 4052 | 4206 | 4356 | 4448 | 4534 | 4585 | 4927
하얀마을(5단지)(주공),경기도 성남시 분당구 미금일로 21,경기도 성남시 분당구 구미동,110,35.28 | 36 | 38.07 | 39.01,276 | 350 | 351 | 408 | 444 | 445 | 515 | 523 | 524 | 591 | 592 | 693 | 736 | 748 | 749 | 799 | 847 | 940 | 977 | 1062 | 1077 | 1103 | 1218 | 1356 | 1420 | 1542 | 1596 | 1607 | 1635 | 1805 | 1844 | 1907 | 1937 | 2048 | 2197 | 2242 | 2293 | 2313 | 2316 | 2342 | 2354 | 2497 | 2625 | 2630 | 2826 | 2853 | 3002 | 3139 | 3259 | 3286 | 3340 | 3418 | 3446 | 3559 | 3560 | 3561 | 3624 | 3671 | 3835 | 3839 | 3840 | 4038 | 4058 | 4113 | 4171 | 4239 | 4283 | 4295 | 4454 | 4597 | 4612 | 4654 | 4668 | 4760 | 4769 | 4785 | 4933
한솔마을(1단지)(청구),경기도 성남시 분당구 불정로 219,경기도 성남시 분당구 정자동,110,49.35 | 84.965 | 101.99 | 134.95,78 | 187 | 436 | 438 | 511 | 678 | 812 | 876 | 1467 | 1539 | 1874 | 2131 | 2151 | 2254 | 2256 | 2308 | 2715 | 2718 | 2895 | 2899 | 2916 | 3064 | 3197 | 3256 | 3384 | 3651 | 3655 | 3695 | 4216 | 4303 | 4404 | 4542 | 4543 | 4546 | 4686 | 4697
한솔마을(2단지)(LG),경기도 성남시 분당구 정자로 143,경기도 성남시 분당구 정자동,111,101.85 | 134.94 | 164.99,116 | 185 | 682 | 683 | 1054 | 1657 | 1784 | 2517 | 2547 | 4217 | 4218 | 4355 | 4639
한솔마을(3단지)(한일),경기도 성남시 분당구 백현로 234,경기도 성남시 분당구 정자동,107,59.96 | 101.95 | 130.51,462 | 560 | 565 | 571 | 2114 | 2150 | 2358 | 2917 | 3490 | 3494 | 3596 | 3630 | 4783
한솔마을(4단지)(주공),경기도 성남시 분당구 백현로 206,경기도 성남시 분당구 정자동,102,35.28 | 36 | 41.85 | 42.75,18 | 38 | 80 | 97 | 123 | 124 | 284 | 289 | 327 | 397 | 510 | 545 | 606 | 627 | 675 | 718 | 720 | 807 | 837 | 858 | 915 | 917 | 927 | 987 | 1083 | 1085 | 1086 | 1099 | 1124 | 1130 | 1163 | 1245 | 1286 | 1295 | 1314 | 1379 | 1404 | 1434 | 1494 | 1504 | 1549 | 1599 | 1614 | 1704 | 1737 | 1790 | 1843 | 1881 | 2001 | 2026 | 2033 | 2053 | 2063 | 2064 | 2168 | 2224 | 2326 | 2406 | 2450 | 2472 | 2502 | 2503 | 2524 | 2548 | 2581 | 2599 | 2609 | 2657 | 2720 | 2797 | 2822 | 2902 | 3016 | 3017 | 3018 | 3065 | 3066 | 3067 | 3072 | 3136 | 3137 | 3199 | 3333 | 3337 | 3452 | 3453 | 3495 | 3505 | 3508 | 3574 | 3575 | 3650 | 3653 | 3658 | 3740 | 3743 | 3785 | 3786 | 3806 | 3810 | 3813 | 3875 | 3876 | 3880 | 3920 | 4051 | 4119 | 4120 | 4155 | 4158 | 4221 | 4227 | 4251 | 4290 | 4293 | 4305 | 4368 | 4409 | 4412 | 4476 | 4481 | 4548 | 4559 | 4637 | 4638 | 4730 | 4784 | 4829 | 4832 | 4854 | 4899 | 4903 | 4922 | 4950 | 4952
한솔마을(5단지)(주공),경기도 성남시 분당구 정자로 115,경기도 성남시 분당구 정자동,112,41.85 | 42.75 | 51.66 | 74.16 | 74.91,7 | 12 | 16 | 26 | 27 | 134 | 143 | 186 | 204 | 311 | 326 | 328 | 380 | 399 | 431 | 437 | 452 | 453 | 459 | 467 | 477 | 479 | 501 | 532 | 580 | 637 | 649 | 719 | 756 | 794 | 835 | 836 | 857 | 875 | 889 | 893 | 907 | 912 | 929 | 961 | 978 | 1015 | 1066 | 1082 | 1105 | 1160 | 1169 | 1174 | 1242 | 1243 | 1247 | 1262 | 1264 | 1274 | 1284 | 1294 | 1329 | 1350 | 1353 | 1366 | 1369 | 1389 | 1395 | 1403 | 1405 | 1412 | 1415 | 1417 | 1418 | 1441 | 1444 | 1445 | 1446 | 1453 | 1456 | 1461 | 1468 | 1470 | 1481 | 1503 | 1523 | 1529 | 1554 | 1594 | 1600 | 1655 | 1656 | 1702 | 1706 | 1719 | 1738 | 1739 | 1788 | 1815 | 1820 | 1822 | 1823 | 1824 | 1849 | 1879 | 1917 | 1938 | 1950 | 1972 | 1985 | 1986 | 1998 | 2000 | 2065 | 2087 | 2117 | 2174 | 2219 | 2225 | 2226 | 2280 | 2281 | 2299 | 2412 | 2452 | 2453 | 2515 | 2632 | 2637 | 2663 | 2722 | 2805 | 2808 | 2907 | 2912 | 2918 | 3071 | 3110 | 3175 | 3194 | 3195 | 3196 | 3334 | 3451 | 3809 | 4245 | 4246 | 4284 | 4285 | 4322 | 4387 | 4405 | 4421 | 4422 | 4434 | 4480 | 4516 | 4621 | 4661 | 4695 | 4736 | 4754 | 4938
한솔마을(6단지)(주공),경기도 성남시 분당구 내정로 54,경기도 성남시 분당구 정자동,117,37.67 | 39.87 | 58.19 | 58.71,118 | 184 | 199 | 225 | 229 | 290 | 378 | 539 | 540 | 551 | 588 | 613 | 770 | 838 | 839 | 954 | 1019 | 1028 | 1029 | 1114 | 1116 | 1123 | 1161 | 1229 | 1347 | 1354 | 1469 | 1502 | 1512 | 1570 | 1654 | 1687 | 1701 | 1718 | 1869 | 1940 | 2106 | 2120 | 2352 | 2365 | 2411 | 2421 | 2449 | 2451 | 2559 | 2601 | 2723 | 2823 | 2897 | 2904 | 2906 | 3013 | 3015 | 3277 | 3433 | 3611 | 3657 | 3788 | 3789 | 3811 | 3879 | 3919 | 3979 | 4043 | 4048 | 4095 | 4118 | 4170 | 4202 | 4203 | 4222 | 4225 | 4228 | 4319 | 4358 | 4432 | 4545 | 4566 | 4575 | 4674 | 4836 | 4901 | 4919 | 4920 | 4953
현대I-PARK,경기도 성남시 분당구 야탑로 125,경기도 성남시 분당구 야탑동,391,119.7809 | 146.8267,1007 | 1030 | 1946 | 3079 | 3146 | 3244 | 3406 | 3854 | 3914 | 4437
현대I-PARK1,경기도 성남시 분당구 정자일로 239,경기도 성남시 분당구 정자동,9,80.31 | 160.83 | 170.07 | 170.89 | 172.62 | 172.67 | 184.51 | 187.48,1208 | 1703 | 2136 | 2195 | 2721 | 2901 | 3020 | 3112 | 3331 | 3609 | 4035 | 4576 | 4579
현대I-PARK2,경기도 성남시 분당구 정자일로213번길 19,경기도 성남시 분당구 정자동,10-1,84.96 | 145.46 | 162.01,75 | 325 | 887 | 1017 | 1548 | 1825 | 1856 | 2121 | 2807 | 2896 | 3008 | 3198 | 3503 | 4921
현대I-PARK3,경기도 성남시 분당구 정자일로213번길 5,경기도 성남시 분당구 정자동,11,84.92 | 163.74 | 171.39,104 | 244 | 382 | 826 | 2431 | 2593 | 2717 | 3160 | 3170 | 3171 | 3928 | 4223 | 4880
효자촌(대우),경기도 성남시 분당구 분당로263번길 13 | 경기도 성남시 분당구 불정로 362,경기도 성남시 분당구 서현동,308,53.82 | 70.686 | 84.696,853 | 1197 | 1616 | 2188 | 3261 | 3781 | 4111 | 4123 | 4124 | 4254 | 4562
효자촌(대창),경기도 성남시 분당구 분당로263번길 13,경기도 성남시 분당구 서현동,310,53.82 | 70.686 | 84.696,584 | 905 | 960 | 1593 | 1612 | 2056 | 2132 | 2834 | 3825 | 3976 | 4189 | 4738 | 4739 | 4788 | 4789 | 4790 | 4791
효자촌(동아),경기도 성남시 분당구 돌마로486번길 7 | 경기도 성남시 분당구 돌마로486번길 12,경기도 성남시 분당구 서현동,291,59.78 | 84.72 | 101.82 | 128.28,147 | 514 | 983 | 1110 | 1525 | 2330 | 2357 | 2964 | 3000 | 3023 | 3220 | 3262 | 3595 | 3968 | 4439 | 4617 | 4619 | 4626
효자촌(럭키),경기도 성남시 분당구 불정로 362,경기도 성남시 분당구 서현동,308,53.82 | 70.686 | 84.696,30 | 426 | 446 | 1129 | 1359 | 1378 | 1767 | 1858 | 2877 | 3027 | 3692 | 3911 | 3959 | 4069 | 4070 | 4336
효자촌(미래타운),경기도 성남시 분당구 불정로386번길 10,경기도 성남시 분당구 서현동,307,101.94 | 134.64,743 | 1432
효자촌(삼환),경기도 성남시 분당구 불정로 361 | 경기도 성남시 분당구 돌마로476번길 31,경기도 성남시 분당구 서현동,301,46.065 | 84.157 | 94.487 | 101.64 | 129.761 | 164.79,91 | 310 | 697 | 801 | 859 | 1336 | 1448 | 1534 | 1641 | 1750 | 2159 | 2463 | 2779 | 3231 | 3615 | 3639 | 3640 | 3641 | 4110 | 4138 | 4299 | 4391 | 4819
효자촌(임광),경기도 성남시 분당구 불정로 397,경기도 성남시 분당구 서현동,292,59.73 | 84.99 | 101.34 | 111.51 | 129.88 | 165.33,57 | 85 | 242 | 270 | 342 | 1094 | 1508 | 1513 | 1673 | 1751 | 1910 | 2309 | 2310 | 2432 | 2464 | 2684 | 3026 | 3099 | 3642 | 3898 | 4137 | 4335 | 4504 | 4712
효자촌(현대),경기도 성남시 분당구 분당로201번길 17,경기도 성남시 분당구 서현동,299,59.82 | 84.6 | 101.64 | 128.04 | 160.2 | 163.02,1658 | 1806 | 2751 | 2835 | 2839 | 3222 | 3234 | 3444 | 3638 | 3689 | 3737 | 3738 | 4194 | 4232 | 4569 | 4571 | 4572 | 4606 | 4870 | 4913 | 4949
효자촌(화성),경기도 성남시 분당구 불정로 362,경기도 성남시 분당구 서현동,308,53.82 | 70.686 | 84.696,37 | 151 | 238 | 427 | 585 | 662 | 1107 | 1198 | 1302 | 1633 | 1935 | 2382 | 2510 | 2774 | 2778 | 3476 | 3763 | 4067 | 4419 | 4428 | 4436 | 4441 | 4564 | 4802
힐스테이트판교엘포레A4BL,경기도 성남시 분당구 판교대장로5길 19,경기도 성남시 분당구 대장동,634,131.599 | 131.833,119 | 247 | 335 | 740 | 910 | 1695 | 1716 | 1893 | 2204 | 2271 | 3325 | 3860 | 3969 | 4486 | 4561 | 4825
힐스테이트판교엘포레A6BL,경기도 성남시 분당구 판교대장로7길 16,경기도 성남시 분당구 대장동,595,128.016 | 128.116 | 128.216,74 | 241 | 255 | 443 | 1249 | 1321 | 1649 | 2340 | 2514 | 2583 | 2931 | 2933 | 2934 | 2991 | 2992 | 3088 | 3243 | 4679
SK-VIEW,경기도 성남시 분당구 돌마로 906,경기도 성남시 분당구 야탑동,188,84.944 | 122.731,1355 | 2236 | 2343 | 2513 | 3386 | 3532 | 4934
THESHARP판교퍼스트파크,경기도 성남시 분당구 판교백현로 38,경기도 성남시 분당구 백현동,608,84.8034 | 84.953 | 84.9746 | 114.4029 | 114.5609 | 114.8623 | 129.8347 | 129.9707 | 129.9777,3 | 44 | 294 | 321 | 392 | 393 | 401 | 419 | 421 | 464 | 526 | 547 | 548 | 722 | 754 | 813 | 982 | 1097 | 1263 | 1685 | 1919 | 1991 | 2349 | 2350 | 2392 | 2530 | 2537 | 2567 | 2596 | 2606 | 2619 | 2631 | 2669 | 2758 | 2773 | 2780 | 2830 | 2832 | 2924 | 2926 | 2929 | 2937 | 2979 | 2984 | 3036 | 3081 | 3082 | 3104 | 3579 | 3782 | 3783 | 4466 | 4507 | 4608 | 4778 | 4834
